('EVENTO', 'NOME', 'INTENSIDADE', 'PONTO', 'GRAU_ATUAL', 'GRAU_ORIGINAL', 'RODADAS', 'STATUS')
('EVENTO:', 'Individuo Suspeito838176673042915944473159083117063241503', 2, 11, 4, 7, 3, 'ATIVO')
('EVENTO:', 'Joalheiria Roubada9201998930516004631610418440561159417731', 2, 4, 4, 7, 6, 'ATIVO')
('EVENTO:', 'Ladr\xc3\xa3o10121930915156698526529665593967895536895', 1, 7, 4, 4, 9, 'ATIVO')
('EVENTO:', 'V\xc3\xadtima de Acidente19194742846863765070063099450985242589068', 3, 8, 3, 7, 12, 'ATIVO')
('EVENTO:', 'Joalheiria Roubada9201998930516004631610418440561159417731', 2, 4, 4, 7, 14, 'COMPLETO')
('EVENTO:', 'Ladr\xc3\xa3o1042115084203531024832422097510967462288', 1, 1, 3, 5, 15, 'ATIVO')
('EVENTO:', 'Navio Afundando12285964384094757565112232529590624257789', 1, 4, 4, 7, 18, 'ATIVO')
('EVENTO:', 'Quadrilha15304116998466358252341063275942962526451', 1, 6, 4, 7, 21, 'ON-HOLD')
('EVENTO:', 'V\xc3\xadtima de Acidente19194742846863765070063099450985242589068', 1, 8, 3, 7, 21, 'COMPLETO')
('EVENTO:', 'Quadrilha15304116998466358252341063275942962526451', 1, 6, 4, 7, 21, 'RE-ATIVO')
('EVENTO:', 'Ladr\xc3\xa3o1042115084203531024832422097510967462288', 1, 1, 3, 5, 22, 'COMPLETO')
('EVENTO:', 'Joalheiria Roubada98858333708484710561001782317749008971', 2, 5, 3, 5, 24, 'ATIVO')
('EVENTO:', 'Individuo Suspeito838176673042915944473159083117063241503', 2, 11, 4, 7, 24, 'COMPLETO')
('EVENTO:', 'Joalheiria Roubada98858333708484710561001782317749008971', 1, 5, 3, 5, 24, 'COMPLETO')
('EVENTO:', 'PM na \xc3\x81rea14244852771124913140230162274600470788957', 3, 3, 3, 3, 27, 'ATIVO')
('EVENTO:', 'Navio Afundando12285964384094757565112232529590624257789', 1, 4, 4, 7, 27, 'COMPLETO')
('EVENTO:', 'Joalheiria Roubada9176178010355832085617485262677757789343', 1, 4, 4, 7, 30, 'ATIVO')
('EVENTO:', 'PM na \xc3\x81rea14244852771124913140230162274600470788957', 2, 3, 3, 3, 31, 'COMPLETO')
('EVENTO:', 'Quadrilha15304116998466358252341063275942962526451', 1, 6, 4, 7, 32, 'COMPLETO')
('EVENTO:', 'Corrida de Rua2322401893360064210044868630059099610638', 1, 10, 4, 5, 33, 'ATIVO')
('EVENTO:', 'Ladr\xc3\xa3o10121930915156698526529665593967895536895', 1, 7, 4, 4, 34, 'COMPLETO')
('EVENTO:', 'Hospital em Chamas7196523522290405568252313835203327761083', 1, 8, 3, 7, 36, 'ATIVO')
('EVENTO:', 'Depreda\xc3\xa7\xc3\xa3o330460480889435592994695397567967133513', 1, 11, 4, 7, 39, 'ATIVO')
('EVENTO:', 'Corrida de Rua2322401893360064210044868630059099610638', 1, 10, 4, 5, 39, 'COMPLETO')
('EVENTO:', 'Joalheiria Roubada9176178010355832085617485262677757789343', 1, 4, 4, 7, 41, 'COMPLETO')
('EVENTO:', 'Soldado Ferido1749019015346806391043572878646638243748', 1, 1, 3, 5, 42, 'ATIVO')
('EVENTO:', 'Soldado Ferido1749019015346806391043572878646638243748', 1, 1, 3, 5, 43, 'COMPLETO')
('EVENTO:', 'Joalheiria Roubada9216895495269864735388322315309618319281', 2, 3, 3, 3, 45, 'ATIVO')
('EVENTO:', 'Golpe de Estado6332689782421206719777310836442653325523', 1, 12, 3, 6, 48, 'ATIVO')
('EVENTO:', 'Joalheiria Roubada9216895495269864735388322315309618319281', 1, 3, 3, 3, 49, 'COMPLETO')
('EVENTO:', 'Assalto0201199642582217443741033520282592784772', 1, 9, 3, 5, 51, 'ATIVO')
('EVENTO:', 'Assalto0201199642582217443741033520282592784772', 1, 9, 3, 5, 51, 'COMPLETO')
('EVENTO:', 'Joalheiria Roubada9255580142106542536568531583049132640276', 1, 4, 4, 7, 54, 'ATIVO')
('EVENTO:', 'Golpe de Estado6332689782421206719777310836442653325523', 1, 12, 3, 6, 56, 'COMPLETO')
('EVENTO:', 'V\xc3\xadtima de Acidente19251387916209715750585943437887647201060', 2, 2, 5, 7, 57, 'ATIVO')
('EVENTO:', 'Hospital em Chamas7196523522290405568252313835203327761083', 1, 8, 3, 7, 59, 'COMPLETO')
('EVENTO:', 'Resgate1677511234298214132700323854674671061175', 3, 4, 4, 7, 60, 'ATIVO')
('EVENTO:', 'V\xc3\xadtima de Acidente19251387916209715750585943437887647201060', 1, 2, 5, 7, 60, 'COMPLETO')
('EVENTO:', 'Depreda\xc3\xa7\xc3\xa3o330460480889435592994695397567967133513', 1, 11, 4, 7, 61, 'COMPLETO')
('EVENTO:', 'Mulher em Trabalho de Parto11267429832289619957812997139828871794926', 3, 12, 3, 6, 63, 'ATIVO')
('EVENTO:', 'Joalheiria Roubada9255580142106542536568531583049132640276', 1, 4, 4, 7, 64, 'COMPLETO')
('EVENTO:', 'Mulher em Trabalho de Parto1140765825613809337129442223815793787839', 1, 13, 2, 8, 66, 'ATIVO')
('EVENTO:', 'Resgate16109180069799531107528849587943330300504', 1, 9, 3, 5, 69, 'ATIVO')
('EVENTO:', 'Resgate16109180069799531107528849587943330300504', 1, 9, 3, 5, 69, 'COMPLETO')
('EVENTO:', 'Resgate1677511234298214132700323854674671061175', 1, 4, 4, 7, 70, 'COMPLETO')
('EVENTO:', 'Mulher em Trabalho de Parto11267429832289619957812997139828871794926', 2, 12, 3, 6, 71, 'COMPLETO')
('EVENTO:', 'Individuo Suspeito816327270572471787791126852344502426627', 2, 4, 4, 7, 72, 'ATIVO')
('EVENTO:', 'Joalheiria Roubada9142180913263026895091658007686678902204', 1, 9, 3, 5, 75, 'ATIVO')
('EVENTO:', 'Joalheiria Roubada9142180913263026895091658007686678902204', 1, 9, 3, 5, 75, 'COMPLETO')
('EVENTO:', 'Depreda\xc3\xa7\xc3\xa3o38478325280131913462443547610281331102', 2, 8, 3, 7, 78, 'ATIVO')
('EVENTO:', 'Mulher em Trabalho de Parto1140765825613809337129442223815793787839', 1, 13, 2, 8, 79, 'COMPLETO')
('EVENTO:', 'Assalto0106270696192861305459626987555988804164', 1, 6, 4, 7, 81, 'ATIVO')
('EVENTO:', 'Individuo Suspeito816327270572471787791126852344502426627', 1, 4, 4, 7, 81, 'COMPLETO')
('EVENTO:', 'Soldado Ferido17177236527582140541372313323063527121656', 1, 7, 4, 4, 84, 'ATIVO')
('EVENTO:', 'Ladr\xc3\xa3o10338244946713949844941408674369825858905', 1, 7, 4, 4, 87, 'ATIVO')
('EVENTO:', 'Depreda\xc3\xa7\xc3\xa3o38478325280131913462443547610281331102', 2, 8, 3, 7, 87, 'COMPLETO')
('EVENTO:', 'Corrida de Rua2200964410077847071687964822186908044542', 2, 11, 4, 7, 90, 'ATIVO')
('EVENTO:', 'Assalto0106270696192861305459626987555988804164', 1, 6, 4, 7, 92, 'COMPLETO')
('EVENTO:', 'Quadrilha1588869015873304699115619771194128631142', 3, 7, 4, 4, 93, 'ATIVO')
('EVENTO:', 'Assalto0257931601777305780985715235002422816611', 3, 14, 3, 3, 96, 'ATIVO')
('EVENTO:', 'Ladr\xc3\xa3o10338244946713949844941408674369825858905', 1, 7, 4, 4, 96, 'COMPLETO')
('EVENTO:', 'Assalto0257931601777305780985715235002422816611', 1, 14, 3, 3, 98, 'COMPLETO')
('EVENTO:', 'Opera\xc3\xa7\xc3\xa3o Policial1345780474355320655609874241445003359776', 1, 5, 3, 5, 99, 'ATIVO')
('EVENTO:', 'Opera\xc3\xa7\xc3\xa3o Policial1345780474355320655609874241445003359776', 1, 5, 3, 5, 99, 'COMPLETO')
('EVENTO:', 'Tiroteio1858374403503965527356970278905051091528', 1, 9, 3, 5, 102, 'ATIVO')
('EVENTO:', 'Soldado Ferido17159564637832279067783379542768170800362', 3, 9, 3, 5, 105, 'ATIVO')
('EVENTO:', 'Opera\xc3\xa7\xc3\xa3o Policial13174821828113690984107589141849575943772', 3, 3, 3, 3, 108, 'ON-HOLD')
('EVENTO:', 'Soldado Ferido17177236527582140541372313323063527121656', 1, 7, 4, 4, 108, 'COMPLETO')
('EVENTO:', 'Opera\xc3\xa7\xc3\xa3o Policial13174821828113690984107589141849575943772', 3, 3, 3, 3, 108, 'RE-ATIVO')
('EVENTO:', 'Mulher em Trabalho de Parto11245103914095661207299237811887303703614', 2, 9, 3, 5, 111, 'ON-HOLD')
('EVENTO:', 'Corrida de Rua2200964410077847071687964822186908044542', 2, 11, 4, 7, 113, 'COMPLETO')
('EVENTO:', 'Mulher em Trabalho de Parto11245103914095661207299237811887303703614', 2, 9, 3, 5, 113, 'RE-ATIVO')
('EVENTO:', 'Tiroteio1858374403503965527356970278905051091528', 1, 9, 3, 5, 113, 'COMPLETO')
('EVENTO:', 'Opera\xc3\xa7\xc3\xa3o Policial13174821828113690984107589141849575943772', 1, 3, 3, 3, 113, 'COMPLETO')
('EVENTO:', 'Briga1177841913528180914340782580551523643502', 3, 2, 5, 7, 114, 'ATIVO')
('EVENTO:', 'Mulher em Trabalho de Parto11245103914095661207299237811887303703614', 2, 9, 3, 5, 114, 'COMPLETO')
('EVENTO:', 'Fuga5261445129242394977972017412987560416829', 2, 6, 4, 7, 117, 'ATIVO')
('EVENTO:', 'Quadrilha1588869015873304699115619771194128631142', 1, 7, 4, 4, 117, 'COMPLETO')
('EVENTO:', 'Soldado Ferido17159564637832279067783379542768170800362', 1, 9, 3, 5, 118, 'COMPLETO')
('EVENTO:', 'Fuga5146667776051334398961984655665747246962', 3, 10, 4, 5, 120, 'ATIVO')
('EVENTO:', 'Briga1177841913528180914340782580551523643502', 1, 2, 5, 7, 121, 'COMPLETO')
('EVENTO:', 'Hospital em Chamas7312110589135861048165982104190249030898', 3, 12, 3, 6, 123, 'ATIVO')
('EVENTO:', 'Fuga5313783102180277611361537868220106762394', 3, 7, 4, 4, 126, 'ATIVO')
('EVENTO:', 'Fuga5146667776051334398961984655665747246962', 1, 10, 4, 5, 126, 'COMPLETO')
('EVENTO:', 'Fuga5261445129242394977972017412987560416829', 1, 6, 4, 7, 128, 'COMPLETO')
('EVENTO:', 'Hospital em Chamas731051994460569781169399825838848595043', 3, 12, 3, 6, 129, 'ATIVO')
('EVENTO:', 'Hospital em Chamas7312110589135861048165982104190249030898', 2, 12, 3, 6, 131, 'COMPLETO')
('EVENTO:', 'Individuo Suspeito8334387282050929732098801778135058404786', 1, 1, 3, 5, 132, 'ATIVO')
('EVENTO:', 'Individuo Suspeito8334387282050929732098801778135058404786', 1, 1, 3, 5, 133, 'COMPLETO')
('EVENTO:', 'Fuga5136422246129402853188164492030881375342', 3, 2, 5, 7, 135, 'ATIVO')
('EVENTO:', 'Fuga5313783102180277611361537868220106762394', 2, 7, 4, 4, 136, 'COMPLETO')
('EVENTO:', 'Hospital em Chamas731051994460569781169399825838848595043', 2, 12, 3, 6, 137, 'COMPLETO')
('EVENTO:', 'Tiroteio18256631354859208544261047994187238877587', 3, 12, 3, 6, 138, 'ATIVO')
('EVENTO:', 'Fuga5136422246129402853188164492030881375342', 2, 2, 5, 7, 139, 'COMPLETO')
('EVENTO:', 'Navio Afundando12163418387725535081544443178477603962553', 2, 8, 3, 7, 141, 'ATIVO')
('EVENTO:', 'Joalheiria Roubada931838801204051647103879146518359781005', 3, 3, 3, 3, 144, 'ATIVO')
('EVENTO:', 'Tiroteio18256631354859208544261047994187238877587', 2, 12, 3, 6, 146, 'COMPLETO')
('EVENTO:', 'V\xc3\xadtima de Acidente1972363293686544850759016298738982031596', 1, 9, 3, 5, 147, 'ATIVO')
('EVENTO:', 'Joalheiria Roubada931838801204051647103879146518359781005', 2, 3, 3, 3, 148, 'COMPLETO')
('EVENTO:', 'V\xc3\xadtima de Acidente1972363293686544850759016298738982031596', 1, 9, 3, 5, 149, 'COMPLETO')
('EVENTO:', 'Opera\xc3\xa7\xc3\xa3o Policial13296885085216682920498121635048062819998', 2, 4, 4, 7, 150, 'ATIVO')
('EVENTO:', 'Ladr\xc3\xa3o10297512476121682320520836021512329231689', 3, 11, 4, 7, 153, 'ATIVO')
('EVENTO:', 'Ladr\xc3\xa3o10297512476121682320520836021512329231689', 2, 11, 4, 7, 153, 'COMPLETO')
('EVENTO:', 'Joalheiria Roubada9230475269244737951681075610348223312596', 3, 3, 3, 3, 156, 'ATIVO')
('EVENTO:', 'Soldado Ferido17109400099100451505279178321310252828147', 1, 3, 3, 3, 159, 'ON-HOLD')
('EVENTO:', 'Joalheiria Roubada9230475269244737951681075610348223312596', 2, 3, 3, 3, 161, 'COMPLETO')
('EVENTO:', 'Soldado Ferido17109400099100451505279178321310252828147', 1, 3, 3, 3, 161, 'RE-ATIVO')
('EVENTO:', 'Mulher em Trabalho de Parto11131604305833631575020842954010101604322', 1, 3, 3, 3, 162, 'ATIVO')
('EVENTO:', 'Navio Afundando12163418387725535081544443178477603962553', 2, 8, 3, 7, 163, 'COMPLETO')
('EVENTO:', 'Assalto0195231568381996570840342370194685257891', 3, 2, 5, 7, 165, 'ATIVO')
('EVENTO:', 'Soldado Ferido17109400099100451505279178321310252828147', 1, 3, 3, 3, 167, 'COMPLETO')
('EVENTO:', 'Individuo Suspeito8245480302249691623917568573172649886977', 2, 14, 3, 3, 168, 'ATIVO')
('EVENTO:', 'Mulher em Trabalho de Parto11131604305833631575020842954010101604322', 1, 3, 3, 3, 168, 'COMPLETO')
('EVENTO:', 'Individuo Suspeito827498593289136792055499114589628492964', 3, 10, 4, 5, 171, 'ATIVO')
('EVENTO:', 'Assalto0195231568381996570840342370194685257891', 2, 2, 5, 7, 171, 'COMPLETO')
('EVENTO:', 'PM na \xc3\x81rea14131117560937395706538544589371774215139', 3, 2, 5, 7, 174, 'ATIVO')
('EVENTO:', 'Opera\xc3\xa7\xc3\xa3o Policial13296885085216682920498121635048062819998', 2, 4, 4, 7, 174, 'COMPLETO')
('EVENTO:', 'Ladr\xc3\xa3o10246345124864938058854375503110277212979', 2, 6, 4, 7, 177, 'ATIVO')
('EVENTO:', 'Individuo Suspeito827498593289136792055499114589628492964', 1, 10, 4, 5, 177, 'COMPLETO')
('EVENTO:', 'PM na \xc3\x81rea14149822649190361850440054778537900934701', 3, 11, 4, 7, 180, 'ATIVO')
('EVENTO:', 'PM na \xc3\x81rea14131117560937395706538544589371774215139', 2, 2, 5, 7, 180, 'COMPLETO')
('EVENTO:', 'PM na \xc3\x81rea14149822649190361850440054778537900934701', 1, 11, 4, 7, 180, 'COMPLETO')
('EVENTO:', 'Individuo Suspeito8245480302249691623917568573172649886977', 1, 14, 3, 3, 181, 'COMPLETO')
('EVENTO:', 'Depreda\xc3\xa7\xc3\xa3o369810676329877290156169374966933411012', 1, 10, 4, 5, 183, 'ATIVO')
('EVENTO:', 'Individuo Suspeito887154452225715017408784734275473833021', 3, 2, 5, 7, 186, 'ATIVO')
('EVENTO:', 'Ladr\xc3\xa3o10246345124864938058854375503110277212979', 2, 6, 4, 7, 188, 'COMPLETO')
('EVENTO:', 'Resgate16196464314935214168230079435453458642958', 2, 2, 5, 7, 189, 'ATIVO')
('EVENTO:', 'Depreda\xc3\xa7\xc3\xa3o369810676329877290156169374966933411012', 1, 10, 4, 5, 190, 'COMPLETO')
('EVENTO:', 'Ladr\xc3\xa3o10295009847620797340379225814757045323058', 2, 11, 4, 7, 192, 'ATIVO')
('EVENTO:', 'Individuo Suspeito887154452225715017408784734275473833021', 2, 2, 5, 7, 192, 'COMPLETO')
('EVENTO:', 'Ladr\xc3\xa3o10295009847620797340379225814757045323058', 2, 11, 4, 7, 192, 'COMPLETO')
('EVENTO:', 'Resgate16196464314935214168230079435453458642958', 2, 2, 5, 7, 193, 'COMPLETO')
('EVENTO:', 'Fuga5216748375064149258661051942141596839480', 3, 7, 4, 4, 195, 'ATIVO')
('EVENTO:', 'Assalto0248999320523843569371867424432274752579', 1, 2, 5, 7, 198, 'ATIVO')
('EVENTO:', 'Fuga5239976199995967178318907571291033838265', 1, 14, 3, 3, 201, 'ATIVO')
('EVENTO:', 'Assalto0248999320523843569371867424432274752579', 1, 2, 5, 7, 203, 'COMPLETO')
('EVENTO:', 'V\xc3\xadtima de Acidente1953889948619199459400348561896168695816', 2, 12, 3, 6, 204, 'ATIVO')
('EVENTO:', 'Fuga5239976199995967178318907571291033838265', 1, 14, 3, 3, 204, 'COMPLETO')
('EVENTO:', 'Soldado Ferido1718126794581275561769289686332090982607', 1, 8, 3, 7, 207, 'ATIVO')
('EVENTO:', 'Golpe de Estado6290765220837330542916911224967137060571', 2, 7, 4, 4, 210, 'ATIVO')
('EVENTO:', 'V\xc3\xadtima de Acidente1953889948619199459400348561896168695816', 2, 12, 3, 6, 211, 'COMPLETO')
('EVENTO:', 'Assalto061120570667474874293987457381850412682', 2, 10, 4, 5, 213, 'ATIVO')
('EVENTO:', 'Golpe de Estado627315308154550057704638473532779060198', 2, 14, 3, 3, 216, 'ON-HOLD')
('EVENTO:', 'Fuga5216748375064149258661051942141596839480', 2, 7, 4, 4, 218, 'COMPLETO')
('EVENTO:', 'Golpe de Estado627315308154550057704638473532779060198', 2, 14, 3, 3, 218, 'RE-ATIVO')
('EVENTO:', 'Assalto061120570667474874293987457381850412682', 2, 10, 4, 5, 218, 'COMPLETO')
('EVENTO:', 'Exterm\xc3\xadnio4218461758191706262364314384777606134857', 2, 10, 4, 5, 219, 'ATIVO')
('EVENTO:', 'Golpe de Estado6290765220837330542916911224967137060571', 1, 7, 4, 4, 219, 'COMPLETO')
('EVENTO:', 'Quadrilha15329235270967542144551206634573622727085', 2, 4, 4, 7, 222, 'ATIVO')
('EVENTO:', 'Exterm\xc3\xadnio4218461758191706262364314384777606134857', 2, 10, 4, 5, 224, 'COMPLETO')
('EVENTO:', 'Joalheiria Roubada9117201386875069420350492675124918123809', 2, 7, 4, 4, 225, 'ATIVO')
('EVENTO:', 'Tiroteio18108974318082782449872810962623737721171', 3, 11, 4, 7, 228, 'ON-HOLD')
('EVENTO:', 'Soldado Ferido1718126794581275561769289686332090982607', 1, 8, 3, 7, 230, 'COMPLETO')
('EVENTO:', 'Tiroteio18108974318082782449872810962623737721171', 3, 11, 4, 7, 230, 'RE-ATIVO')
('EVENTO:', 'Golpe de Estado612490502997590082157176717286711231121', 2, 3, 3, 3, 231, 'ON-HOLD')
('EVENTO:', 'Quadrilha15329235270967542144551206634573622727085', 1, 4, 4, 7, 231, 'COMPLETO')
('EVENTO:', 'Golpe de Estado612490502997590082157176717286711231121', 2, 3, 3, 3, 231, 'RE-ATIVO')
('EVENTO:', 'Golpe de Estado627315308154550057704638473532779060198', 2, 14, 3, 3, 232, 'COMPLETO')
('EVENTO:', 'Corrida de Rua297541741918472204060818494626121374636', 1, 10, 4, 5, 234, 'ATIVO')
('EVENTO:', 'Golpe de Estado612490502997590082157176717286711231121', 1, 3, 3, 3, 235, 'COMPLETO')
('EVENTO:', 'Soldado Ferido17271768703240173582797754542055303221020', 2, 6, 4, 7, 237, 'ATIVO')
('EVENTO:', 'Soldado Ferido17315545429421669235318318592784172515366', 1, 8, 3, 7, 240, 'ATIVO')
('EVENTO:', 'Tiroteio18108974318082782449872810962623737721171', 1, 11, 4, 7, 240, 'COMPLETO')
('EVENTO:', 'Corrida de Rua297541741918472204060818494626121374636', 1, 10, 4, 5, 242, 'COMPLETO')
('EVENTO:', 'Golpe de Estado641585079830153482497535532527813317780', 1, 5, 3, 5, 243, 'ATIVO')
('EVENTO:', 'Assalto0237193723645737891229189382168056531724', 3, 8, 3, 7, 246, 'ATIVO')
('EVENTO:', 'Soldado Ferido17271768703240173582797754542055303221020', 1, 6, 4, 7, 248, 'COMPLETO')
('EVENTO:', 'Fuga536485606626226736809409941739477133016', 2, 4, 4, 7, 249, 'ATIVO')
('EVENTO:', 'Joalheiria Roubada9117201386875069420350492675124918123809', 2, 7, 4, 4, 249, 'COMPLETO')
('EVENTO:', 'Golpe de Estado641585079830153482497535532527813317780', 1, 5, 3, 5, 251, 'COMPLETO')
('EVENTO:', 'Individuo Suspeito835764340259459605536691981738214412752', 3, 10, 4, 5, 252, 'ATIVO')
('EVENTO:', 'Exterm\xc3\xadnio4156044742703594506590652982633078843285', 2, 4, 4, 7, 255, 'ATIVO')
('EVENTO:', 'PM na \xc3\x81rea14229444219261222011028614776883891661979', 3, 2, 5, 7, 258, 'ON-HOLD')
('EVENTO:', 'Individuo Suspeito835764340259459605536691981738214412752', 1, 10, 4, 5, 258, 'COMPLETO')
('EVENTO:', 'PM na \xc3\x81rea14229444219261222011028614776883891661979', 3, 2, 5, 7, 258, 'RE-ATIVO')
('EVENTO:', 'Resgate16129298161671349564173427839121089367630', 3, 13, 2, 8, 261, 'ON-HOLD')
('EVENTO:', 'PM na \xc3\x81rea14229444219261222011028614776883891661979', 1, 2, 5, 7, 262, 'COMPLETO')
('EVENTO:', 'Resgate16129298161671349564173427839121089367630', 3, 13, 2, 8, 262, 'RE-ATIVO')
('EVENTO:', 'Soldado Ferido17315545429421669235318318592784172515366', 1, 8, 3, 7, 263, 'COMPLETO')
('EVENTO:', 'Soldado Ferido17321722909575834196253180177612420180665', 1, 10, 4, 5, 264, 'ATIVO')
('EVENTO:', 'PM na \xc3\x81rea14225973421562841055831240764212428167696', 1, 10, 4, 5, 267, 'ON-HOLD')
('EVENTO:', 'Soldado Ferido17321722909575834196253180177612420180665', 1, 10, 4, 5, 267, 'COMPLETO')
('EVENTO:', 'PM na \xc3\x81rea14225973421562841055831240764212428167696', 1, 10, 4, 5, 267, 'RE-ATIVO')
('EVENTO:', 'Assalto0237193723645737891229189382168056531724', 1, 8, 3, 7, 269, 'COMPLETO')
('EVENTO:', 'Joalheiria Roubada9222139547252628002977670835887890179782', 1, 1, 3, 5, 270, 'ATIVO')
('EVENTO:', 'PM na \xc3\x81rea14225973421562841055831240764212428167696', 1, 10, 4, 5, 271, 'COMPLETO')
('EVENTO:', 'Quadrilha15120151771578780317145215796451633136581', 3, 14, 3, 3, 273, 'ATIVO')
('EVENTO:', 'Fuga536485606626226736809409941739477133016', 1, 4, 4, 7, 274, 'COMPLETO')
('EVENTO:', 'Resgate16129298161671349564173427839121089367630', 1, 13, 2, 8, 275, 'COMPLETO')
('EVENTO:', 'Quadrilha15120151771578780317145215796451633136581', 1, 14, 3, 3, 275, 'COMPLETO')
('EVENTO:', 'Tiroteio18338820623599781939638944623005633888889', 1, 10, 4, 5, 276, 'ATIVO')
('EVENTO:', 'Joalheiria Roubada9222139547252628002977670835887890179782', 1, 1, 3, 5, 278, 'COMPLETO')
('EVENTO:', 'Joalheiria Roubada9135357117784004299693922237179624378014', 2, 5, 3, 5, 279, 'ATIVO')
('EVENTO:', 'Exterm\xc3\xadnio4156044742703594506590652982633078843285', 2, 4, 4, 7, 280, 'COMPLETO')
('EVENTO:', 'Quadrilha1555400670914077759257238370300385322991', 2, 6, 4, 7, 282, 'ATIVO')
('EVENTO:', 'Tiroteio18338820623599781939638944623005633888889', 1, 10, 4, 5, 284, 'COMPLETO')
('EVENTO:', 'Assalto0133265813986861299051574404912262640673', 1, 11, 4, 7, 285, 'ATIVO')
('EVENTO:', 'Assalto0133265813986861299051574404912262640673', 1, 11, 4, 7, 285, 'COMPLETO')
('EVENTO:', 'Depreda\xc3\xa7\xc3\xa3o3171360151137667412926750139523630917218', 3, 2, 5, 7, 288, 'ATIVO')
('EVENTO:', 'Joalheiria Roubada9135357117784004299693922237179624378014', 1, 5, 3, 5, 288, 'COMPLETO')
('EVENTO:', 'Quadrilha15149385244529128072158822314253816973666', 3, 13, 2, 8, 291, 'ATIVO')
('EVENTO:', 'Quadrilha1555400670914077759257238370300385322991', 2, 6, 4, 7, 292, 'COMPLETO')
('EVENTO:', 'Depreda\xc3\xa7\xc3\xa3o394310677794406787567141054648135453263', 2, 7, 4, 4, 294, 'ATIVO')
('EVENTO:', 'Depreda\xc3\xa7\xc3\xa3o3171360151137667412926750139523630917218', 2, 2, 5, 7, 294, 'COMPLETO')
('EVENTO:', 'Joalheiria Roubada9226073808363632340838639237487378402637', 3, 10, 4, 5, 297, 'ATIVO')
('EVENTO:', 'Briga132848744475458570175961809641730776926', 2, 2, 5, 7, 300, 'ON-HOLD')
('EVENTO:', 'Joalheiria Roubada9226073808363632340838639237487378402637', 2, 10, 4, 5, 300, 'COMPLETO')
('EVENTO:', 'Briga132848744475458570175961809641730776926', 2, 2, 5, 7, 300, 'RE-ATIVO')
('EVENTO:', 'Resgate16138122747671563761906750691304734571214', 2, 6, 4, 7, 303, 'ON-HOLD')
('EVENTO:', 'Quadrilha15149385244529128072158822314253816973666', 2, 13, 2, 8, 304, 'COMPLETO')
('EVENTO:', 'Resgate16138122747671563761906750691304734571214', 2, 6, 4, 7, 304, 'RE-ATIVO')
('EVENTO:', 'Depreda\xc3\xa7\xc3\xa3o393097490749141035203023261275283923677', 1, 1, 3, 5, 306, 'ON-HOLD')
('EVENTO:', 'Briga132848744475458570175961809641730776926', 2, 2, 5, 7, 306, 'COMPLETO')
('EVENTO:', 'Depreda\xc3\xa7\xc3\xa3o393097490749141035203023261275283923677', 1, 1, 3, 5, 306, 'RE-ATIVO')
('EVENTO:', 'Joalheiria Roubada9237113409621725249924350468090177908193', 1, 9, 3, 5, 309, 'ATIVO')
('EVENTO:', 'Quadrilha15293993069648751300514478803798634561240', 2, 14, 3, 3, 312, 'ON-HOLD')
('EVENTO:', 'Depreda\xc3\xa7\xc3\xa3o393097490749141035203023261275283923677', 1, 1, 3, 5, 312, 'COMPLETO')
('EVENTO:', 'Quadrilha15293993069648751300514478803798634561240', 2, 14, 3, 3, 312, 'RE-ATIVO')
('EVENTO:', 'Quadrilha15293993069648751300514478803798634561240', 1, 14, 3, 3, 314, 'COMPLETO')
('EVENTO:', 'Corrida de Rua239282072586820225792013196554446125328', 1, 10, 4, 5, 315, 'ATIVO')
('EVENTO:', 'Resgate16138122747671563761906750691304734571214', 2, 6, 4, 7, 315, 'COMPLETO')
('EVENTO:', 'Depreda\xc3\xa7\xc3\xa3o394310677794406787567141054648135453263', 2, 7, 4, 4, 317, 'COMPLETO')
('EVENTO:', 'Hospital em Chamas7326112666711222132897627434502967641133', 3, 2, 5, 7, 318, 'ATIVO')
('EVENTO:', 'Corrida de Rua239282072586820225792013196554446125328', 1, 10, 4, 5, 318, 'COMPLETO')
('EVENTO:', 'Corrida de Rua2184977118885757474481837808650507139460', 2, 6, 4, 7, 321, 'ATIVO')
('EVENTO:', 'Hospital em Chamas7326112666711222132897627434502967641133', 2, 2, 5, 7, 322, 'COMPLETO')
('EVENTO:', 'Joalheiria Roubada9237113409621725249924350468090177908193', 1, 9, 3, 5, 323, 'COMPLETO')
('EVENTO:', 'Depreda\xc3\xa7\xc3\xa3o3121241765586114645380849826493725537325', 3, 13, 2, 8, 324, 'ATIVO')
('EVENTO:', 'Golpe de Estado6332618241376286069818459344497663433800', 1, 8, 3, 7, 327, 'ATIVO')
('EVENTO:', 'PM na \xc3\x81rea1465373979277770967844617636409573396527', 3, 2, 5, 7, 330, 'ATIVO')
('EVENTO:', 'Hospital em Chamas7158562688545851772207837053974386528741', 2, 11, 4, 7, 333, 'ON-HOLD')
('EVENTO:', 'Corrida de Rua2184977118885757474481837808650507139460', 2, 6, 4, 7, 333, 'COMPLETO')
('EVENTO:', 'Hospital em Chamas7158562688545851772207837053974386528741', 2, 11, 4, 7, 333, 'RE-ATIVO')
('EVENTO:', 'PM na \xc3\x81rea1465373979277770967844617636409573396527', 1, 2, 5, 7, 333, 'COMPLETO')
('EVENTO:', 'Hospital em Chamas7158562688545851772207837053974386528741', 2, 11, 4, 7, 334, 'COMPLETO')
('EVENTO:', 'Golpe de Estado6332618241376286069818459344497663433800', 1, 8, 3, 7, 335, 'COMPLETO')
('EVENTO:', 'Depreda\xc3\xa7\xc3\xa3o3162409086507945683195181216357045772039', 2, 14, 3, 3, 336, 'ATIVO')
('EVENTO:', 'Depreda\xc3\xa7\xc3\xa3o3121241765586114645380849826493725537325', 2, 13, 2, 8, 337, 'COMPLETO')
('EVENTO:', 'Quadrilha15251909068614598479907338818819967085461', 2, 7, 4, 4, 339, 'ATIVO')
('EVENTO:', 'Depreda\xc3\xa7\xc3\xa3o378561106491025448242299404934425237413', 3, 1, 3, 5, 342, 'ATIVO')
('EVENTO:', 'Individuo Suspeito8274748771947142331105587921512464494311', 1, 14, 3, 3, 345, 'ON-HOLD')
('EVENTO:', 'Depreda\xc3\xa7\xc3\xa3o3162409086507945683195181216357045772039', 2, 14, 3, 3, 347, 'COMPLETO')
('EVENTO:', 'Individuo Suspeito8274748771947142331105587921512464494311', 1, 14, 3, 3, 347, 'RE-ATIVO')
('EVENTO:', 'PM na \xc3\x81rea14119572988301356898518412252155379401417', 3, 6, 4, 7, 348, 'ATIVO')
('EVENTO:', 'Depreda\xc3\xa7\xc3\xa3o378561106491025448242299404934425237413', 2, 1, 3, 5, 348, 'COMPLETO')
('EVENTO:', 'Hospital em Chamas7102468061288941984790136234865955352015', 2, 12, 3, 6, 351, 'ATIVO')
('EVENTO:', 'Resgate16261065941536859653675717147094533652785', 1, 13, 2, 8, 354, 'ON-HOLD')
('EVENTO:', 'Ladr\xc3\xa3o10256942464176851528048839028459433530850', 3, 13, 2, 8, 357, 'ON-HOLD')
('EVENTO:', 'PM na \xc3\x81rea14119572988301356898518412252155379401417', 1, 6, 4, 7, 357, 'COMPLETO')
('EVENTO:', 'Ladr\xc3\xa3o10256942464176851528048839028459433530850', 3, 13, 2, 8, 357, 'RE-ATIVO')
('EVENTO:', 'Individuo Suspeito8274748771947142331105587921512464494311', 1, 14, 3, 3, 358, 'COMPLETO')
('EVENTO:', 'Resgate16261065941536859653675717147094533652785', 1, 13, 2, 8, 358, 'RE-ATIVO')
('EVENTO:', 'Hospital em Chamas7311316676482354712676987210490850372289', 1, 8, 3, 7, 360, 'ON-HOLD')
('EVENTO:', 'Resgate1681788864444210318314918509237300480280', 1, 2, 5, 7, 363, 'ON-HOLD')
('EVENTO:', 'Quadrilha15251909068614598479907338818819967085461', 2, 7, 4, 4, 363, 'COMPLETO')
('EVENTO:', 'Resgate1681788864444210318314918509237300480280', 1, 2, 5, 7, 363, 'RE-ATIVO')
('EVENTO:', 'Ladr\xc3\xa3o10256942464176851528048839028459433530850', 1, 13, 2, 8, 363, 'COMPLETO')
('EVENTO:', 'Hospital em Chamas7311316676482354712676987210490850372289', 1, 8, 3, 7, 363, 'RE-ATIVO')
('EVENTO:', 'Hospital em Chamas7185857320000456504276339134042289217459', 2, 6, 4, 7, 366, 'ATIVO')
('EVENTO:', 'Resgate1681788864444210318314918509237300480280', 1, 2, 5, 7, 367, 'COMPLETO')
('EVENTO:', 'PM na \xc3\x81rea1486558545915504825464366846583870288301', 2, 6, 4, 7, 369, 'ATIVO')
('EVENTO:', 'Corrida de Rua2118065418178167465027703140717043824798', 2, 5, 3, 5, 372, 'ON-HOLD')
('EVENTO:', 'Hospital em Chamas7102468061288941984790136234865955352015', 2, 12, 3, 6, 373, 'COMPLETO')
('EVENTO:', 'Corrida de Rua2118065418178167465027703140717043824798', 2, 5, 3, 5, 373, 'RE-ATIVO')
('EVENTO:', 'Corrida de Rua2118065418178167465027703140717043824798', 2, 5, 3, 5, 373, 'COMPLETO')
('EVENTO:', 'Hospital em Chamas7311316676482354712676987210490850372289', 1, 8, 3, 7, 374, 'COMPLETO')
('EVENTO:', 'Briga1207239226773832510007389762548575777709', 3, 9, 3, 5, 375, 'ATIVO')
('EVENTO:', 'Hospital em Chamas7185857320000456504276339134042289217459', 1, 6, 4, 7, 377, 'COMPLETO')
('EVENTO:', 'Individuo Suspeito828700587890139502951682689762737459541', 1, 2, 5, 7, 378, 'ATIVO')
('EVENTO:', 'PM na \xc3\x81rea1486558545915504825464366846583870288301', 1, 6, 4, 7, 380, 'COMPLETO')
('EVENTO:', 'Resgate1629153604468844074408667675209067921473', 1, 5, 3, 5, 381, 'ATIVO')
('EVENTO:', 'Ladr\xc3\xa3o10256942464176851528048839028459433530850', 1, 13, 2, 8, 381, 'COMPLETO')
('EVENTO:', 'Briga1207239226773832510007389762548575777709', 1, 9, 3, 5, 382, 'COMPLETO')
('EVENTO:', 'Quadrilha15323991671572024560589026152474450939865', 1, 7, 4, 4, 384, 'ATIVO')
('EVENTO:', 'Individuo Suspeito828700587890139502951682689762737459541', 1, 2, 5, 7, 384, 'COMPLETO')
('EVENTO:', 'Golpe de Estado6103581416171851204625988405189106322867', 1, 4, 4, 7, 387, 'ATIVO')
('EVENTO:', 'Resgate16137131686111367109957880031696733501225', 1, 6, 4, 7, 390, 'ATIVO')
('EVENTO:', 'Resgate1629153604468844074408667675209067921473', 1, 5, 3, 5, 390, 'COMPLETO')
('EVENTO:', 'Opera\xc3\xa7\xc3\xa3o Policial1363971359751577706394591626198687777842', 2, 2, 5, 7, 393, 'ATIVO')
('EVENTO:', 'Golpe de Estado6103581416171851204625988405189106322867', 1, 4, 4, 7, 395, 'COMPLETO')
('EVENTO:', 'Depreda\xc3\xa7\xc3\xa3o368426047745611057537410479100152492098', 3, 2, 5, 7, 396, 'ATIVO')
('EVENTO:', 'Opera\xc3\xa7\xc3\xa3o Policial1363971359751577706394591626198687777842', 1, 2, 5, 7, 398, 'COMPLETO')
('EVENTO:', 'Ladr\xc3\xa3o1042012768700736424109305914634354786724', 2, 14, 3, 3, 399, 'ATIVO')
('EVENTO:', 'Resgate16137131686111367109957880031696733501225', 1, 6, 4, 7, 400, 'COMPLETO')
('EVENTO:', 'Ladr\xc3\xa3o1042012768700736424109305914634354786724', 1, 14, 3, 3, 401, 'COMPLETO')
('EVENTO:', 'Quadrilha15237216986744286633861166510444769425595', 2, 7, 4, 4, 402, 'ATIVO')
('EVENTO:', 'Depreda\xc3\xa7\xc3\xa3o368426047745611057537410479100152492098', 1, 2, 5, 7, 403, 'COMPLETO')
('EVENTO:', 'Hospital em Chamas756980282615170087251730504926826300933', 2, 11, 4, 7, 405, 'ATIVO')
('EVENTO:', 'Individuo Suspeito8280305463962099987410271795542896935278', 2, 8, 3, 7, 408, 'ATIVO')
('EVENTO:', 'Quadrilha15323991671572024560589026152474450939865', 1, 7, 4, 4, 408, 'COMPLETO')
('EVENTO:', 'Exterm\xc3\xadnio4301978587477379655064733745442579143078', 2, 10, 4, 5, 411, 'ATIVO')
('EVENTO:', 'Individuo Suspeito838024337425974108448709881475765158879', 1, 14, 3, 3, 414, 'ON-HOLD')
('EVENTO:', 'Ladr\xc3\xa3o10214402150489293430996602201309681670145', 1, 2, 5, 7, 417, 'ON-HOLD')
('EVENTO:', 'Exterm\xc3\xadnio4301978587477379655064733745442579143078', 1, 10, 4, 5, 417, 'COMPLETO')
('EVENTO:', 'Ladr\xc3\xa3o10214402150489293430996602201309681670145', 1, 2, 5, 7, 417, 'RE-ATIVO')
('EVENTO:', 'PM na \xc3\x81rea14299411143143276169874886196392435116687', 3, 11, 4, 7, 420, 'ON-HOLD')
('EVENTO:', 'Ladr\xc3\xa3o10214402150489293430996602201309681670145', 1, 2, 5, 7, 422, 'COMPLETO')
('EVENTO:', 'PM na \xc3\x81rea14299411143143276169874886196392435116687', 3, 11, 4, 7, 422, 'RE-ATIVO')
('EVENTO:', 'Resgate16326291426058116580933192513983785297333', 1, 7, 4, 4, 423, 'ON-HOLD')
('EVENTO:', 'PM na \xc3\x81rea14299411143143276169874886196392435116687', 1, 11, 4, 7, 423, 'COMPLETO')
('EVENTO:', 'Resgate16326291426058116580933192513983785297333', 1, 7, 4, 4, 423, 'RE-ATIVO')
('EVENTO:', 'Depreda\xc3\xa7\xc3\xa3o3143256731956184169167823671942560367969', 3, 14, 3, 3, 426, 'ON-HOLD')
('EVENTO:', 'Hospital em Chamas756980282615170087251730504926826300933', 2, 11, 4, 7, 426, 'COMPLETO')
('EVENTO:', 'Depreda\xc3\xa7\xc3\xa3o3143256731956184169167823671942560367969', 3, 14, 3, 3, 426, 'RE-ATIVO')
('EVENTO:', 'Quadrilha15237216986744286633861166510444769425595', 1, 7, 4, 4, 427, 'COMPLETO')
('EVENTO:', 'Individuo Suspeito838024337425974108448709881475765158879', 1, 14, 3, 3, 427, 'RE-ATIVO')
('EVENTO:', 'Ladr\xc3\xa3o10285277435459268007241912073150784523899', 3, 3, 3, 3, 429, 'ON-HOLD')
('EVENTO:', 'Individuo Suspeito8280305463962099987410271795542896935278', 2, 8, 3, 7, 431, 'COMPLETO')
('EVENTO:', 'Ladr\xc3\xa3o10285277435459268007241912073150784523899', 3, 3, 3, 3, 431, 'RE-ATIVO')
('EVENTO:', 'Depreda\xc3\xa7\xc3\xa3o3143256731956184169167823671942560367969', 2, 14, 3, 3, 431, 'COMPLETO')
('EVENTO:', 'Briga1330464777060196598908051514717232732614', 2, 3, 3, 3, 432, 'ATIVO')
('EVENTO:', 'PM na \xc3\x81rea14159236346295128894084409464433755649295', 1, 1, 3, 5, 435, 'ON-HOLD')
('EVENTO:', 'Ladr\xc3\xa3o10285277435459268007241912073150784523899', 2, 3, 3, 3, 436, 'COMPLETO')
('EVENTO:', 'PM na \xc3\x81rea14159236346295128894084409464433755649295', 1, 1, 3, 5, 436, 'RE-ATIVO')
('EVENTO:', 'Golpe de Estado6193435038364436954426699659850369457720', 3, 14, 3, 3, 438, 'ATIVO')
('EVENTO:', 'Briga1330464777060196598908051514717232732614', 2, 3, 3, 3, 440, 'COMPLETO')
('EVENTO:', 'Golpe de Estado6193435038364436954426699659850369457720', 1, 14, 3, 3, 440, 'COMPLETO')
('EVENTO:', 'Soldado Ferido1780491061227215315259414714044800599455', 3, 11, 4, 7, 441, 'ATIVO')
('EVENTO:', 'PM na \xc3\x81rea14159236346295128894084409464433755649295', 1, 1, 3, 5, 443, 'COMPLETO')
('EVENTO:', 'Exterm\xc3\xadnio4285067621831872450251281751815292616836', 1, 5, 3, 5, 444, 'ATIVO')
('EVENTO:', 'Exterm\xc3\xadnio4285067621831872450251281751815292616836', 1, 5, 3, 5, 444, 'COMPLETO')
('EVENTO:', 'Tiroteio1855389366823827289296362317097371211781', 2, 8, 3, 7, 447, 'ATIVO')
('EVENTO:', 'Resgate16326291426058116580933192513983785297333', 1, 7, 4, 4, 448, 'COMPLETO')
('EVENTO:', 'Soldado Ferido17275162825472328694176649113102648337457', 1, 2, 5, 7, 450, 'ATIVO')
('EVENTO:', 'Soldado Ferido1780491061227215315259414714044800599455', 2, 11, 4, 7, 452, 'COMPLETO')
('EVENTO:', 'Opera\xc3\xa7\xc3\xa3o Policial13288783307953445244669135893775478311311', 3, 3, 3, 3, 453, 'ATIVO')
('EVENTO:', 'Soldado Ferido17275162825472328694176649113102648337457', 1, 2, 5, 7, 454, 'COMPLETO')
('EVENTO:', 'Opera\xc3\xa7\xc3\xa3o Policial13288783307953445244669135893775478311311', 2, 3, 3, 3, 455, 'COMPLETO')
('EVENTO:', 'Ladr\xc3\xa3o10166748041828787394441203988769663586348', 3, 5, 3, 5, 456, 'ATIVO')
('EVENTO:', 'Fuga5131376034631318793072794291791543004523', 3, 2, 5, 7, 459, 'ATIVO')
('EVENTO:', 'Ladr\xc3\xa3o10166748041828787394441203988769663586348', 2, 5, 3, 5, 459, 'COMPLETO')
('EVENTO:', 'Tiroteio18111389287050979896553065620281168649728', 1, 14, 3, 3, 462, 'ATIVO')
('EVENTO:', 'Fuga5131376034631318793072794291791543004523', 1, 2, 5, 7, 464, 'COMPLETO')
('EVENTO:', 'Soldado Ferido17339247615807531075416735684771451122055', 2, 13, 2, 8, 465, 'ATIVO')
('EVENTO:', 'Depreda\xc3\xa7\xc3\xa3o3143256731956184169167823671942560367969', 2, 14, 3, 3, 466, 'COMPLETO')
('EVENTO:', 'Fuga56765325109916447635529129629631916857', 2, 11, 4, 7, 468, 'ATIVO')
('EVENTO:', 'Tiroteio1855389366823827289296362317097371211781', 2, 8, 3, 7, 470, 'COMPLETO')
('EVENTO:', 'Depreda\xc3\xa7\xc3\xa3o3320909753651569551524789167412286244951', 3, 5, 3, 5, 471, 'ATIVO')
('EVENTO:', 'Opera\xc3\xa7\xc3\xa3o Policial13111785919904978502313830028036225147822', 3, 5, 3, 5, 474, 'ATIVO')
('EVENTO:', 'Opera\xc3\xa7\xc3\xa3o Policial13111785919904978502313830028036225147822', 2, 5, 3, 5, 474, 'COMPLETO')
('EVENTO:', 'Soldado Ferido17100140717707333427013245568206793040621', 3, 7, 4, 4, 477, 'ATIVO')
('EVENTO:', 'Depreda\xc3\xa7\xc3\xa3o3320909753651569551524789167412286244951', 1, 5, 3, 5, 479, 'COMPLETO')
('EVENTO:', 'Tiroteio18231137970771459173044806515231906754707', 1, 1, 3, 5, 480, 'ATIVO')
('EVENTO:', 'Tiroteio18231137970771459173044806515231906754707', 1, 1, 3, 5, 482, 'COMPLETO')
('EVENTO:', 'Depreda\xc3\xa7\xc3\xa3o3328025229037490615659680176213955154177', 1, 4, 4, 7, 483, 'ATIVO')
('EVENTO:', 'Exterm\xc3\xadnio458511307887668422432137925779383177353', 1, 10, 4, 5, 486, 'ON-HOLD')
('EVENTO:', 'Soldado Ferido17100140717707333427013245568206793040621', 2, 7, 4, 4, 487, 'COMPLETO')
('EVENTO:', 'Exterm\xc3\xadnio458511307887668422432137925779383177353', 1, 10, 4, 5, 487, 'RE-ATIVO')
('EVENTO:', 'V\xc3\xadtima de Acidente19331349031251567123181700094999335761509', 3, 11, 4, 7, 489, 'ATIVO')
('EVENTO:', 'Exterm\xc3\xadnio458511307887668422432137925779383177353', 1, 10, 4, 5, 490, 'COMPLETO')
('EVENTO:', 'V\xc3\xadtima de Acidente19223823024031253483092426741096542534752', 1, 11, 4, 7, 492, 'ATIVO')
('EVENTO:', 'Hospital em Chamas7117367447723183432090420193685391928584', 3, 5, 3, 5, 495, 'ON-HOLD')
('EVENTO:', 'Depreda\xc3\xa7\xc3\xa3o3297436718507347785780119506999003713615', 1, 8, 3, 7, 498, 'ON-HOLD')
('EVENTO:', 'V\xc3\xadtima de Acidente19331349031251567123181700094999335761509', 1, 11, 4, 7, 500, 'COMPLETO')
('EVENTO:', 'Depreda\xc3\xa7\xc3\xa3o3297436718507347785780119506999003713615', 1, 8, 3, 7, 500, 'RE-ATIVO')
('EVENTO:', 'Corrida de Rua2222574408062405342800244010756272662713', 1, 12, 3, 6, 501, 'ON-HOLD')
('EVENTO:', 'V\xc3\xadtima de Acidente19223823024031253483092426741096542534752', 1, 11, 4, 7, 503, 'COMPLETO')
('EVENTO:', 'Corrida de Rua2222574408062405342800244010756272662713', 1, 12, 3, 6, 503, 'RE-ATIVO')
('EVENTO:', 'Opera\xc3\xa7\xc3\xa3o Policial13250489975116490822170833016953851690744', 3, 13, 2, 8, 504, 'ON-HOLD')
('EVENTO:', 'Ladr\xc3\xa3o10249886948625176313903881686506429973739', 1, 6, 4, 7, 507, 'ON-HOLD')
('EVENTO:', 'Depreda\xc3\xa7\xc3\xa3o3328025229037490615659680176213955154177', 1, 4, 4, 7, 508, 'COMPLETO')
('EVENTO:', 'Ladr\xc3\xa3o10249886948625176313903881686506429973739', 1, 6, 4, 7, 508, 'RE-ATIVO')
('EVENTO:', 'PM na \xc3\x81rea14219360383744030270306103797936687823582', 3, 11, 4, 7, 510, 'ON-HOLD')
('EVENTO:', 'Tiroteio18111389287050979896553065620281168649728', 1, 14, 3, 3, 513, 'TIME-OUT')
('EVENTO:', 'PM na \xc3\x81rea14219360383744030270306103797936687823582', 3, 11, 4, 7, 513, 'RE-ATIVO')
('EVENTO:', 'Depreda\xc3\xa7\xc3\xa3o3122728308313654150119870033226328115182', 2, 12, 3, 6, 516, 'ON-HOLD')
('EVENTO:', 'Soldado Ferido17339247615807531075416735684771451122055', 1, 13, 2, 8, 517, 'COMPLETO')
('EVENTO:', 'Depreda\xc3\xa7\xc3\xa3o3122728308313654150119870033226328115182', 2, 12, 3, 6, 517, 'RE-ATIVO')
('EVENTO:', 'Ladr\xc3\xa3o10249886948625176313903881686506429973739', 1, 6, 4, 7, 518, 'COMPLETO')
('EVENTO:', 'Opera\xc3\xa7\xc3\xa3o Policial13250489975116490822170833016953851690744', 3, 13, 2, 8, 518, 'RE-ATIVO')
('EVENTO:', 'Corrida de Rua2219875683916446667280829691133279584166', 1, 10, 4, 5, 519, 'ON-HOLD')
('EVENTO:', 'Depreda\xc3\xa7\xc3\xa3o3122728308313654150119870033226328115182', 1, 12, 3, 6, 519, 'COMPLETO')
('EVENTO:', 'Corrida de Rua2219875683916446667280829691133279584166', 1, 10, 4, 5, 519, 'RE-ATIVO')
('EVENTO:', 'Joalheiria Roubada984671212884007027538685407005350148149', 3, 1, 3, 5, 522, 'ON-HOLD')
('EVENTO:', 'Corrida de Rua2222574408062405342800244010756272662713', 1, 12, 3, 6, 522, 'COMPLETO')
('EVENTO:', 'Joalheiria Roubada984671212884007027538685407005350148149', 3, 1, 3, 5, 522, 'RE-ATIVO')
('EVENTO:', 'Depreda\xc3\xa7\xc3\xa3o3297436718507347785780119506999003713615', 1, 8, 3, 7, 523, 'COMPLETO')
('EVENTO:', 'Hospital em Chamas7117367447723183432090420193685391928584', 3, 5, 3, 5, 523, 'RE-ATIVO')
('EVENTO:', 'Hospital em Chamas7117367447723183432090420193685391928584', 1, 5, 3, 5, 523, 'COMPLETO')
('EVENTO:', 'Joalheiria Roubada930278910738867226216214132090106273705', 2, 14, 3, 3, 525, 'ATIVO')
('EVENTO:', 'PM na \xc3\x81rea14219360383744030270306103797936687823582', 1, 11, 4, 7, 527, 'COMPLETO')
('EVENTO:', 'Joalheiria Roubada930278910738867226216214132090106273705', 1, 14, 3, 3, 527, 'COMPLETO')
('EVENTO:', 'Tiroteio1882421795358020040592309740088688164795', 2, 11, 4, 7, 528, 'ATIVO')
('EVENTO:', 'Joalheiria Roubada984671212884007027538685407005350148149', 1, 1, 3, 5, 528, 'COMPLETO')
('EVENTO:', 'Corrida de Rua2152864611703944005381051124464654668872', 2, 13, 2, 8, 531, 'ATIVO')
('EVENTO:', 'Opera\xc3\xa7\xc3\xa3o Policial13250489975116490822170833016953851690744', 1, 13, 2, 8, 532, 'COMPLETO')
('EVENTO:', 'Corrida de Rua2196424410080931249801754605398458439455', 1, 11, 4, 7, 534, 'ATIVO')
('EVENTO:', 'Corrida de Rua2196424410080931249801754605398458439455', 1, 11, 4, 7, 534, 'COMPLETO')
('EVENTO:', 'Exterm\xc3\xadnio4128866965538041440298359355649933885285', 3, 8, 3, 7, 537, 'ATIVO')
('EVENTO:', 'Corrida de Rua2232459109979238010092568552708291657348', 3, 4, 4, 7, 540, 'ON-HOLD')
('EVENTO:', 'Navio Afundando1294594777075604550448180460712454530441', 2, 12, 3, 6, 543, 'ON-HOLD')
('EVENTO:', 'Corrida de Rua2152864611703944005381051124464654668872', 2, 13, 2, 8, 543, 'COMPLETO')
('EVENTO:', 'Navio Afundando1294594777075604550448180460712454530441', 2, 12, 3, 6, 543, 'RE-ATIVO')
('EVENTO:', 'Opera\xc3\xa7\xc3\xa3o Policial13328995198162978631102114612902629225910', 2, 7, 4, 4, 546, 'ON-HOLD')
('EVENTO:', 'Exterm\xc3\xadnio4128866965538041440298359355649933885285', 1, 8, 3, 7, 547, 'COMPLETO')
('EVENTO:', 'Opera\xc3\xa7\xc3\xa3o Policial13328995198162978631102114612902629225910', 2, 7, 4, 4, 547, 'RE-ATIVO')
('EVENTO:', 'Golpe de Estado61899817485372852812147639224771307729', 1, 12, 3, 6, 549, 'ON-HOLD')
('EVENTO:', 'Individuo Suspeito8224840463579474109900438820030008968708', 3, 11, 4, 7, 552, 'ON-HOLD')
('EVENTO:', 'Fuga56765325109916447635529129629631916857', 2, 11, 4, 7, 555, 'TIME-OUT')
('EVENTO:', 'Individuo Suspeito8224840463579474109900438820030008968708', 3, 11, 4, 7, 555, 'RE-ATIVO')
('EVENTO:', 'Corrida de Rua2219875683916446667280829691133279584166', 1, 10, 4, 5, 557, 'COMPLETO')
('EVENTO:', 'Golpe de Estado61899817485372852812147639224771307729', 1, 12, 3, 6, 557, 'RE-ATIVO')
('EVENTO:', 'Hospital em Chamas7212644332356769635068127689989703011955', 3, 2, 5, 7, 558, 'ON-HOLD')
('EVENTO:', 'V\xc3\xadtima de Acidente19131920131218375115988835552744571998955', 1, 10, 4, 5, 561, 'ON-HOLD')
('EVENTO:', 'Navio Afundando1294594777075604550448180460712454530441', 2, 12, 3, 6, 563, 'COMPLETO')
('EVENTO:', 'V\xc3\xadtima de Acidente19131920131218375115988835552744571998955', 1, 10, 4, 5, 563, 'RE-ATIVO')
('EVENTO:', 'V\xc3\xadtima de Acidente1962356398032428369871748904952668278804', 3, 5, 3, 5, 564, 'ATIVO')
('EVENTO:', 'Individuo Suspeito8224840463579474109900438820030008968708', 2, 11, 4, 7, 564, 'COMPLETO')
('EVENTO:', 'Hospital em Chamas7212644332356769635068127689989703011955', 3, 2, 5, 7, 564, 'RE-ATIVO')
('EVENTO:', 'V\xc3\xadtima de Acidente1962356398032428369871748904952668278804', 1, 5, 3, 5, 564, 'COMPLETO')
('EVENTO:', 'Corrida de Rua2232459109979238010092568552708291657348', 3, 4, 4, 7, 564, 'RE-ATIVO')
('EVENTO:', 'V\xc3\xadtima de Acidente19131920131218375115988835552744571998955', 1, 10, 4, 5, 566, 'COMPLETO')
('EVENTO:', 'Tiroteio18124876039607028311943393312602959584048', 1, 8, 3, 7, 567, 'ATIVO')
('EVENTO:', 'Golpe de Estado61899817485372852812147639224771307729', 1, 12, 3, 6, 567, 'COMPLETO')
('EVENTO:', 'Hospital em Chamas7212644332356769635068127689989703011955', 2, 2, 5, 7, 569, 'COMPLETO')
('EVENTO:', 'Navio Afundando1299130214599415979575744917119185919347', 2, 11, 4, 7, 570, 'ATIVO')
('EVENTO:', 'Opera\xc3\xa7\xc3\xa3o Policial13328995198162978631102114612902629225910', 1, 7, 4, 4, 571, 'COMPLETO')
('EVENTO:', 'Exterm\xc3\xadnio4134815823799642936830326882361070126029', 1, 10, 4, 5, 573, 'ATIVO')
('EVENTO:', 'Corrida de Rua2232459109979238010092568552708291657348', 1, 4, 4, 7, 574, 'COMPLETO')
('EVENTO:', 'Hospital em Chamas7138019038510502921471179206219751189759', 2, 12, 3, 6, 576, 'ATIVO')
('EVENTO:', 'Briga1245960782234334690448543774340166725923', 1, 7, 4, 4, 579, 'ATIVO')
('EVENTO:', 'Tiroteio1882421795358020040592309740088688164795', 1, 11, 4, 7, 579, 'COMPLETO')
('EVENTO:', 'Exterm\xc3\xadnio4134815823799642936830326882361070126029', 1, 10, 4, 5, 579, 'COMPLETO')
('EVENTO:', 'Golpe de Estado6162449466665113732513363023567033011651', 2, 6, 4, 7, 582, 'ATIVO')
('EVENTO:', 'Hospital em Chamas7138019038510502921471179206219751189759', 1, 12, 3, 6, 582, 'COMPLETO')
('EVENTO:', 'Joalheiria Roubada9157353441130161900449993747750344400652', 1, 10, 4, 5, 585, 'ATIVO')
('EVENTO:', 'Joalheiria Roubada9157353441130161900449993747750344400652', 1, 10, 4, 5, 586, 'COMPLETO')
('EVENTO:', 'Ladr\xc3\xa3o1054131545364434716186685176880171690857', 1, 8, 3, 7, 588, 'ATIVO')
('EVENTO:', 'Briga1245960782234334690448543774340166725923', 1, 7, 4, 4, 589, 'COMPLETO')
('EVENTO:', 'Tiroteio18124876039607028311943393312602959584048', 1, 8, 3, 7, 590, 'COMPLETO')
('EVENTO:', 'Soldado Ferido17293418877745792529651434811438423731535', 2, 7, 4, 4, 591, 'ATIVO')
('EVENTO:', 'Golpe de Estado6162449466665113732513363023567033011651', 1, 6, 4, 7, 593, 'COMPLETO')
('EVENTO:', 'Navio Afundando12395723823699900494122918889954782155', 1, 1, 3, 5, 594, 'ATIVO')
('EVENTO:', 'Soldado Ferido17293418877745792529651434811438423731535', 1, 7, 4, 4, 596, 'COMPLETO')
('EVENTO:', 'PM na \xc3\x81rea14206691162216040266032791277084232003595', 2, 3, 3, 3, 597, 'ATIVO')
('EVENTO:', 'Navio Afundando12395723823699900494122918889954782155', 1, 1, 3, 5, 597, 'COMPLETO')
('EVENTO:', 'PM na \xc3\x81rea14206691162216040266032791277084232003595', 1, 3, 3, 3, 598, 'COMPLETO')
('EVENTO:', 'Navio Afundando1216232406921914489074267868675250983142', 2, 8, 3, 7, 600, 'ATIVO')
('EVENTO:', 'Golpe de Estado697545448961778321911475608595431927672', 2, 7, 4, 4, 603, 'ATIVO')
('EVENTO:', 'Hospital em Chamas7110830681511915980814257297519682423984', 2, 4, 4, 7, 606, 'ATIVO')
('EVENTO:', 'Soldado Ferido17168333608429049372407118203103947594941', 3, 8, 3, 7, 609, 'ON-HOLD')
('EVENTO:', 'Hospital em Chamas7110830681511915980814257297519682423984', 1, 4, 4, 7, 611, 'COMPLETO')
('EVENTO:', 'Soldado Ferido17168333608429049372407118203103947594941', 3, 8, 3, 7, 611, 'RE-ATIVO')
('EVENTO:', 'Navio Afundando1244626108979710838771167272577961775531', 2, 9, 3, 5, 612, 'ON-HOLD')
('EVENTO:', 'Soldado Ferido17168333608429049372407118203103947594941', 1, 8, 3, 7, 614, 'COMPLETO')
('EVENTO:', 'Navio Afundando1244626108979710838771167272577961775531', 2, 9, 3, 5, 614, 'RE-ATIVO')
('EVENTO:', 'Resgate168915140739200223314348076767269899924', 2, 8, 3, 7, 615, 'ON-HOLD')
('EVENTO:', 'Soldado Ferido1732067825585591714186012320870510432024', 2, 7, 4, 4, 618, 'ON-HOLD')
('EVENTO:', 'Golpe de Estado618207342535298464645870005239708614490', 1, 6, 4, 7, 621, 'ON-HOLD')
('EVENTO:', 'Navio Afundando1216232406921914489074267868675250983142', 2, 8, 3, 7, 621, 'COMPLETO')
('EVENTO:', 'Golpe de Estado618207342535298464645870005239708614490', 1, 6, 4, 7, 621, 'RE-ATIVO')
('EVENTO:', 'Navio Afundando1299130214599415979575744917119185919347', 2, 11, 4, 7, 622, 'COMPLETO')
('EVENTO:', 'Soldado Ferido1732067825585591714186012320870510432024', 2, 7, 4, 4, 622, 'RE-ATIVO')
('EVENTO:', 'Navio Afundando1244626108979710838771167272577961775531', 1, 9, 3, 5, 622, 'COMPLETO')
('EVENTO:', 'Resgate168915140739200223314348076767269899924', 2, 8, 3, 7, 622, 'RE-ATIVO')
('EVENTO:', 'Golpe de Estado618207342535298464645870005239708614490', 1, 6, 4, 7, 623, 'COMPLETO')
('EVENTO:', 'Mulher em Trabalho de Parto11219665130394245323257969998828429785379', 2, 7, 4, 4, 624, 'ATIVO')
('EVENTO:', 'Tiroteio18270287473921232911911717294666883765453', 1, 4, 4, 7, 627, 'ON-HOLD')
('EVENTO:', 'Golpe de Estado697545448961778321911475608595431927672', 1, 7, 4, 4, 627, 'COMPLETO')
('EVENTO:', 'Tiroteio18270287473921232911911717294666883765453', 1, 4, 4, 7, 627, 'RE-ATIVO')
('EVENTO:', 'Resgate168915140739200223314348076767269899924', 1, 8, 3, 7, 629, 'COMPLETO')
('EVENTO:', 'Soldado Ferido17331124681845387215678739865868191648809', 2, 8, 3, 7, 630, 'ATIVO')
('EVENTO:', 'Soldado Ferido17331124681845387215678739865868191648809', 1, 8, 3, 7, 632, 'COMPLETO')
('EVENTO:', 'Golpe de Estado6246963989614349971276898533930221021424', 3, 1, 3, 5, 633, 'ATIVO')
('EVENTO:', 'Mulher em Trabalho de Parto11219665130394245323257969998828429785379', 2, 7, 4, 4, 634, 'COMPLETO')
('EVENTO:', 'Golpe de Estado6195126056381136412384676669097769608330', 1, 9, 3, 5, 636, 'ATIVO')
('EVENTO:', 'Ladr\xc3\xa3o10180160260899895877977111923545192972447', 3, 10, 4, 5, 639, 'ATIVO')
('EVENTO:', 'Soldado Ferido1732067825585591714186012320870510432024', 2, 7, 4, 4, 640, 'COMPLETO')
('EVENTO:', 'Ladr\xc3\xa3o104186479915195247537488768541645316854', 1, 1, 3, 5, 642, 'ATIVO')
('EVENTO:', 'Ladr\xc3\xa3o10180160260899895877977111923545192972447', 1, 10, 4, 5, 642, 'COMPLETO')
('EVENTO:', 'Ladr\xc3\xa3o1054131545364434716186685176880171690857', 1, 8, 3, 7, 644, 'COMPLETO')
('EVENTO:', 'Ladr\xc3\xa3o104186479915195247537488768541645316854', 1, 1, 3, 5, 644, 'COMPLETO')
('EVENTO:', 'Resgate16146341891203258775686819867916867425643', 2, 10, 4, 5, 645, 'ATIVO')
('EVENTO:', 'Golpe de Estado6195126056381136412384676669097769608330', 1, 9, 3, 5, 647, 'COMPLETO')
('EVENTO:', 'Golpe de Estado6143281086368146039063874589896511649780', 1, 4, 4, 7, 648, 'ATIVO')
('EVENTO:', 'Depreda\xc3\xa7\xc3\xa3o3303640997602389859857303984839847070184', 3, 10, 4, 5, 651, 'ATIVO')
('EVENTO:', 'Tiroteio1811382459072724015712466354367658299640', 3, 11, 4, 7, 654, 'ATIVO')
('EVENTO:', 'Tiroteio18270287473921232911911717294666883765453', 1, 4, 4, 7, 654, 'COMPLETO')
('EVENTO:', 'Resgate16146341891203258775686819867916867425643', 2, 10, 4, 5, 656, 'COMPLETO')
('EVENTO:', 'Hospital em Chamas7158381580955730025350601871637353242389', 2, 6, 4, 7, 657, 'ATIVO')
('EVENTO:', 'Golpe de Estado6246963989614349971276898533930221021424', 1, 1, 3, 5, 657, 'COMPLETO')
('EVENTO:', 'Golpe de Estado6143281086368146039063874589896511649780', 1, 4, 4, 7, 658, 'COMPLETO')
('EVENTO:', 'Resgate16103155478995436839260535410734583804418', 2, 12, 3, 6, 660, 'ATIVO')
('EVENTO:', 'Individuo Suspeito819570891017620156899608576336095054239', 3, 10, 4, 5, 663, 'ATIVO')
('EVENTO:', 'Tiroteio1811382459072724015712466354367658299640', 1, 11, 4, 7, 664, 'COMPLETO')
('EVENTO:', 'Quadrilha15314125018188608019398519367723567879778', 1, 14, 3, 3, 666, 'ATIVO')
('EVENTO:', 'Depreda\xc3\xa7\xc3\xa3o3303640997602389859857303984839847070184', 1, 10, 4, 5, 666, 'COMPLETO')
('EVENTO:', 'Individuo Suspeito819570891017620156899608576336095054239', 1, 10, 4, 5, 668, 'COMPLETO')
('EVENTO:', 'Corrida de Rua2249382957818819542421945317829826084589', 3, 5, 3, 5, 669, 'ATIVO')
('EVENTO:', 'Hospital em Chamas7158381580955730025350601871637353242389', 1, 6, 4, 7, 669, 'COMPLETO')
('EVENTO:', 'Quadrilha15314125018188608019398519367723567879778', 1, 14, 3, 3, 669, 'COMPLETO')
('EVENTO:', 'Individuo Suspeito872639943819759667802563587940844569028', 3, 11, 4, 7, 672, 'ATIVO')
('EVENTO:', 'Individuo Suspeito872639943819759667802563587940844569028', 1, 11, 4, 7, 672, 'COMPLETO')
('EVENTO:', 'Resgate16103155478995436839260535410734583804418', 2, 12, 3, 6, 673, 'COMPLETO')
('EVENTO:', 'Ladr\xc3\xa3o10333134030102599025035876134746784235463', 2, 10, 4, 5, 675, 'ATIVO')
('EVENTO:', 'Quadrilha15281940474635694444974810298355889454261', 1, 5, 3, 5, 678, 'ATIVO')
('EVENTO:', 'Quadrilha15281940474635694444974810298355889454261', 1, 5, 3, 5, 679, 'COMPLETO')
('EVENTO:', 'Resgate161499176767827035018048536304637329218', 2, 3, 3, 3, 681, 'ATIVO')
('EVENTO:', 'Ladr\xc3\xa3o10333134030102599025035876134746784235463', 1, 10, 4, 5, 681, 'COMPLETO')
('EVENTO:', 'Navio Afundando12287817925072795576345515099959283459312', 2, 5, 3, 5, 684, 'ATIVO')
('EVENTO:', 'Assalto0317336086288775729034389278386433168221', 2, 13, 2, 8, 687, 'ATIVO')
('EVENTO:', 'Opera\xc3\xa7\xc3\xa3o Policial13259018670977519156861490846307937456702', 2, 4, 4, 7, 690, 'ON-HOLD')
('EVENTO:', 'Navio Afundando12287817925072795576345515099959283459312', 1, 5, 3, 5, 692, 'COMPLETO')
('EVENTO:', 'Opera\xc3\xa7\xc3\xa3o Policial13259018670977519156861490846307937456702', 2, 4, 4, 7, 692, 'RE-ATIVO')
('EVENTO:', 'Quadrilha15284178880693610408659961154547172468667', 3, 4, 4, 7, 693, 'ON-HOLD')
('EVENTO:', 'Resgate161499176767827035018048536304637329218', 2, 3, 3, 3, 694, 'COMPLETO')
('EVENTO:', 'Quadrilha15284178880693610408659961154547172468667', 3, 4, 4, 7, 694, 'RE-ATIVO')
('EVENTO:', 'Hospital em Chamas7195136145080057824124258235442646841245', 2, 7, 4, 4, 696, 'ON-HOLD')
('EVENTO:', 'Corrida de Rua2249382957818819542421945317829826084589', 2, 5, 3, 5, 698, 'COMPLETO')
('EVENTO:', 'Hospital em Chamas7195136145080057824124258235442646841245', 2, 7, 4, 4, 698, 'RE-ATIVO')
('EVENTO:', 'Tiroteio188711697191648825041636249624927223010', 3, 10, 4, 5, 699, 'ON-HOLD')
('EVENTO:', 'Navio Afundando12184405794007168474508618577360652069145', 3, 11, 4, 7, 702, 'ON-HOLD')
('EVENTO:', 'Assalto0317336086288775729034389278386433168221', 2, 13, 2, 8, 702, 'COMPLETO')
('EVENTO:', 'Navio Afundando12184405794007168474508618577360652069145', 3, 11, 4, 7, 702, 'RE-ATIVO')
('EVENTO:', 'Fuga5310759814797934667357116427148524224351', 1, 5, 3, 5, 705, 'ON-HOLD')
('EVENTO:', 'Depreda\xc3\xa7\xc3\xa3o3150063415792986768371766823269954593672', 1, 11, 4, 7, 708, 'ON-HOLD')
('EVENTO:', 'Opera\xc3\xa7\xc3\xa3o Policial13259018670977519156861490846307937456702', 1, 4, 4, 7, 711, 'TIME-OUT')
('EVENTO:', 'Depreda\xc3\xa7\xc3\xa3o3150063415792986768371766823269954593672', 1, 11, 4, 7, 711, 'RE-ATIVO')
('EVENTO:', 'Navio Afundando12184405794007168474508618577360652069145', 2, 11, 4, 7, 712, 'COMPLETO')
('EVENTO:', 'Fuga5310759814797934667357116427148524224351', 1, 5, 3, 5, 712, 'RE-ATIVO')
('EVENTO:', 'Fuga5310759814797934667357116427148524224351', 1, 5, 3, 5, 712, 'COMPLETO')
('EVENTO:', 'Tiroteio188711697191648825041636249624927223010', 3, 10, 4, 5, 712, 'RE-ATIVO')
('EVENTO:', 'Exterm\xc3\xadnio491977721394307280232691730325404463619', 2, 5, 3, 5, 714, 'ON-HOLD')
('EVENTO:', 'Tiroteio188711697191648825041636249624927223010', 2, 10, 4, 5, 716, 'COMPLETO')
('EVENTO:', 'Exterm\xc3\xadnio491977721394307280232691730325404463619', 2, 5, 3, 5, 716, 'RE-ATIVO')
('EVENTO:', 'Depreda\xc3\xa7\xc3\xa3o3169270400399626647514796116766767518951', 1, 12, 3, 6, 717, 'ON-HOLD')
('EVENTO:', 'Exterm\xc3\xadnio491977721394307280232691730325404463619', 2, 5, 3, 5, 717, 'COMPLETO')
('EVENTO:', 'Depreda\xc3\xa7\xc3\xa3o3169270400399626647514796116766767518951', 1, 12, 3, 6, 717, 'RE-ATIVO')
('EVENTO:', 'V\xc3\xadtima de Acidente1914036896784213602922862217435189391817', 1, 7, 4, 4, 720, 'ATIVO')
('EVENTO:', 'Depreda\xc3\xa7\xc3\xa3o3150063415792986768371766823269954593672', 1, 11, 4, 7, 722, 'COMPLETO')
('EVENTO:', 'Hospital em Chamas7163998506526754833263009144468269799122', 2, 7, 4, 4, 723, 'ATIVO')
('EVENTO:', 'Tiroteio18188566053258471399711945877650562742672', 3, 5, 3, 5, 726, 'ON-HOLD')
('EVENTO:', 'Mulher em Trabalho de Parto11149173436177305568761425664812626154843', 3, 13, 2, 8, 729, 'ON-HOLD')
('EVENTO:', 'V\xc3\xadtima de Acidente1914036896784213602922862217435189391817', 1, 7, 4, 4, 729, 'COMPLETO')
('EVENTO:', 'Mulher em Trabalho de Parto11149173436177305568761425664812626154843', 3, 13, 2, 8, 729, 'RE-ATIVO')
('EVENTO:', 'Individuo Suspeito8278608934657494005177037190246258269442', 2, 12, 3, 6, 732, 'ON-HOLD')
('EVENTO:', 'Hospital em Chamas7256029590767388874308827971994282941594', 1, 3, 3, 3, 735, 'ON-HOLD')
('EVENTO:', 'Quadrilha15284178880693610408659961154547172468667', 2, 4, 4, 7, 738, 'TIME-OUT')
('EVENTO:', 'Hospital em Chamas7256029590767388874308827971994282941594', 1, 3, 3, 3, 738, 'RE-ATIVO')
('EVENTO:', 'Depreda\xc3\xa7\xc3\xa3o3169270400399626647514796116766767518951', 1, 12, 3, 6, 738, 'COMPLETO')
('EVENTO:', 'Individuo Suspeito8278608934657494005177037190246258269442', 2, 12, 3, 6, 738, 'RE-ATIVO')
('EVENTO:', 'Ladr\xc3\xa3o1031032971769211419340132361582349029291', 3, 4, 4, 7, 741, 'ON-HOLD')
('EVENTO:', 'Mulher em Trabalho de Parto11149173436177305568761425664812626154843', 1, 13, 2, 8, 741, 'COMPLETO')
('EVENTO:', 'Ladr\xc3\xa3o1031032971769211419340132361582349029291', 3, 4, 4, 7, 741, 'RE-ATIVO')
('EVENTO:', 'Hospital em Chamas7195136145080057824124258235442646841245', 2, 7, 4, 4, 743, 'COMPLETO')
('EVENTO:', 'Tiroteio18188566053258471399711945877650562742672', 3, 5, 3, 5, 743, 'RE-ATIVO')
('EVENTO:', 'Briga19756371377078432391948258652763407297', 2, 12, 3, 6, 744, 'ON-HOLD')
('EVENTO:', 'Hospital em Chamas7256029590767388874308827971994282941594', 1, 3, 3, 3, 745, 'COMPLETO')
('EVENTO:', 'Briga19756371377078432391948258652763407297', 2, 12, 3, 6, 745, 'RE-ATIVO')
('EVENTO:', 'Assalto0269916691349766084486033601426378523870', 1, 1, 3, 5, 747, 'ON-HOLD')
('EVENTO:', 'Hospital em Chamas7163998506526754833263009144468269799122', 1, 7, 4, 4, 749, 'COMPLETO')
('EVENTO:', 'Assalto0269916691349766084486033601426378523870', 1, 1, 3, 5, 749, 'RE-ATIVO')
('EVENTO:', 'Ladr\xc3\xa3o1031032971769211419340132361582349029291', 1, 4, 4, 7, 749, 'COMPLETO')
('EVENTO:', 'Ladr\xc3\xa3o1057565661936175881502090402917180686610', 3, 12, 3, 6, 750, 'ATIVO')
('EVENTO:', 'Assalto0269916691349766084486033601426378523870', 1, 1, 3, 5, 751, 'COMPLETO')
('EVENTO:', 'Depreda\xc3\xa7\xc3\xa3o3114403305889997279092193217355904961327', 1, 2, 5, 7, 753, 'ATIVO')
('EVENTO:', 'Briga19756371377078432391948258652763407297', 1, 12, 3, 6, 754, 'COMPLETO')
('EVENTO:', 'Joalheiria Roubada9101323313689398847155380375947147680039', 3, 4, 4, 7, 756, 'ATIVO')
('EVENTO:', 'Depreda\xc3\xa7\xc3\xa3o3114403305889997279092193217355904961327', 1, 2, 5, 7, 757, 'COMPLETO')
('EVENTO:', 'Ladr\xc3\xa3o10330385654272737592642455617108145981764', 1, 11, 4, 7, 759, 'ATIVO')
('EVENTO:', 'Individuo Suspeito8278608934657494005177037190246258269442', 2, 12, 3, 6, 759, 'COMPLETO')
('EVENTO:', 'Ladr\xc3\xa3o10330385654272737592642455617108145981764', 1, 11, 4, 7, 759, 'COMPLETO')
('EVENTO:', 'Hospital em Chamas754697752272363881553885407736584280023', 3, 1, 3, 5, 762, 'ATIVO')
('EVENTO:', 'Joalheiria Roubada9101323313689398847155380375947147680039', 1, 4, 4, 7, 763, 'COMPLETO')
('EVENTO:', 'PM na \xc3\x81rea14121953482763931080575040988896209822369', 1, 8, 3, 7, 765, 'ATIVO')
('EVENTO:', 'Hospital em Chamas754697752272363881553885407736584280023', 1, 1, 3, 5, 765, 'COMPLETO')
('EVENTO:', 'Opera\xc3\xa7\xc3\xa3o Policial13234937972383777546830865925569118153576', 2, 1, 3, 5, 768, 'ATIVO')
('EVENTO:', 'Fuga5201359455174509053972453201693760189139', 3, 2, 5, 7, 771, 'ATIVO')
('EVENTO:', 'Ladr\xc3\xa3o1057565661936175881502090402917180686610', 1, 12, 3, 6, 771, 'COMPLETO')
('EVENTO:', 'Corrida de Rua263611694013161904267404529830198917819', 3, 8, 3, 7, 774, 'ATIVO')
('EVENTO:', 'Fuga5201359455174509053972453201693760189139', 1, 2, 5, 7, 776, 'COMPLETO')
('EVENTO:', 'Hospital em Chamas7203568424823894298341597376140750791977', 2, 8, 3, 7, 777, 'ATIVO')
('EVENTO:', 'Opera\xc3\xa7\xc3\xa3o Policial13234937972383777546830865925569118153576', 1, 1, 3, 5, 778, 'COMPLETO')
('EVENTO:', 'Opera\xc3\xa7\xc3\xa3o Policial13132195281018535798621363001739779377070', 3, 13, 2, 8, 780, 'ATIVO')
('EVENTO:', 'Mulher em Trabalho de Parto11325510541821927503335854675560900844886', 1, 6, 4, 7, 783, 'ATIVO')
('EVENTO:', 'Opera\xc3\xa7\xc3\xa3o Policial13214142883532271796473531583728810738578', 2, 7, 4, 4, 786, 'ON-HOLD')
('EVENTO:', 'PM na \xc3\x81rea1435642407293627798571662204166379976261', 3, 10, 4, 5, 789, 'ON-HOLD')
('EVENTO:', 'Resgate16127478786038664603454592495039450037952', 1, 3, 3, 3, 792, 'ON-HOLD')
('EVENTO:', 'Mulher em Trabalho de Parto11325510541821927503335854675560900844886', 1, 6, 4, 7, 793, 'COMPLETO')
('EVENTO:', 'Resgate16127478786038664603454592495039450037952', 1, 3, 3, 3, 793, 'RE-ATIVO')
('EVENTO:', 'Joalheiria Roubada9321657168987136005208128161341231246133', 1, 9, 3, 5, 795, 'ON-HOLD')
('EVENTO:', 'Corrida de Rua263611694013161904267404529830198917819', 1, 8, 3, 7, 797, 'COMPLETO')
('EVENTO:', 'Joalheiria Roubada9321657168987136005208128161341231246133', 1, 9, 3, 5, 797, 'RE-ATIVO')
('EVENTO:', 'Mulher em Trabalho de Parto11297496500021002613682065405221284375258', 1, 10, 4, 5, 798, 'ON-HOLD')
('EVENTO:', 'Hospital em Chamas7203568424823894298341597376140750791977', 1, 8, 3, 7, 799, 'COMPLETO')
('EVENTO:', 'Mulher em Trabalho de Parto11297496500021002613682065405221284375258', 1, 10, 4, 5, 799, 'RE-ATIVO')
('EVENTO:', 'Resgate16127478786038664603454592495039450037952', 1, 3, 3, 3, 799, 'COMPLETO')
('EVENTO:', 'PM na \xc3\x81rea1435642407293627798571662204166379976261', 3, 10, 4, 5, 799, 'RE-ATIVO')
('EVENTO:', 'Mulher em Trabalho de Parto11297496500021002613682065405221284375258', 1, 10, 4, 5, 800, 'COMPLETO')
('EVENTO:', 'Opera\xc3\xa7\xc3\xa3o Policial13214142883532271796473531583728810738578', 2, 7, 4, 4, 800, 'RE-ATIVO')
('EVENTO:', 'Assalto048839462548390103242181335603839176521', 1, 9, 3, 5, 801, 'ON-HOLD')
('EVENTO:', 'Tiroteio18188566053258471399711945877650562742672', 2, 5, 3, 5, 802, 'COMPLETO')
('EVENTO:', 'Assalto048839462548390103242181335603839176521', 1, 9, 3, 5, 802, 'RE-ATIVO')
('EVENTO:', 'Resgate16208416346285011081829565543793737218912', 3, 2, 5, 7, 804, 'ATIVO')
('EVENTO:', 'Opera\xc3\xa7\xc3\xa3o Policial13214142883532271796473531583728810738578', 1, 7, 4, 4, 805, 'COMPLETO')
('EVENTO:', 'Resgate16208416346285011081829565543793737218912', 1, 2, 5, 7, 806, 'COMPLETO')
('EVENTO:', 'Navio Afundando12113143344597936883184128142706367104843', 3, 9, 3, 5, 807, 'ATIVO')
('EVENTO:', 'PM na \xc3\x81rea14121953482763931080575040988896209822369', 1, 8, 3, 7, 809, 'COMPLETO')
('EVENTO:', 'Joalheiria Roubada9321657168987136005208128161341231246133', 1, 9, 3, 5, 809, 'COMPLETO')
('EVENTO:', 'Assalto048839462548390103242181335603839176521', 1, 9, 3, 5, 809, 'COMPLETO')
('EVENTO:', 'Fuga5194126005214034074130298658512069996393', 3, 2, 5, 7, 810, 'ATIVO')
('EVENTO:', 'Mulher em Trabalho de Parto11297496500021002613682065405221284375258', 1, 10, 4, 5, 810, 'COMPLETO')
('EVENTO:', 'Briga1249763167229977987643718776120960504090', 2, 8, 3, 7, 813, 'ATIVO')
('EVENTO:', 'Fuga5194126005214034074130298658512069996393', 2, 2, 5, 7, 815, 'COMPLETO')
('EVENTO:', 'Soldado Ferido1738607279482430387736614887885448711280', 2, 13, 2, 8, 816, 'ATIVO')
('EVENTO:', 'Opera\xc3\xa7\xc3\xa3o Policial13132195281018535798621363001739779377070', 1, 13, 2, 8, 816, 'COMPLETO')
('EVENTO:', 'Navio Afundando12113143344597936883184128142706367104843', 1, 9, 3, 5, 817, 'COMPLETO')
('EVENTO:', 'Soldado Ferido17255348257552562192667103830759536087153', 3, 11, 4, 7, 819, 'ATIVO')
('EVENTO:', 'Fuga5338341929091557059796646395266003158295', 1, 5, 3, 5, 822, 'ATIVO')
('EVENTO:', 'Soldado Ferido1738607279482430387736614887885448711280', 2, 13, 2, 8, 822, 'COMPLETO')
('EVENTO:', 'Fuga5338341929091557059796646395266003158295', 1, 5, 3, 5, 824, 'COMPLETO')
('EVENTO:', 'Individuo Suspeito8143635675698761259167436508348944331682', 3, 8, 3, 7, 825, 'ATIVO')
('EVENTO:', 'Mulher em Trabalho de Parto11127192225708809066642856411011382612917', 3, 11, 4, 7, 828, 'ATIVO')
('EVENTO:', 'Fuga548234403937642644294579743294338795192', 3, 12, 3, 6, 831, 'ON-HOLD')
('EVENTO:', 'Depreda\xc3\xa7\xc3\xa3o39854955222616491859568400521926088362', 2, 14, 3, 3, 834, 'ON-HOLD')
('EVENTO:', 'Assalto0175972411015875988738516872580447037833', 2, 6, 4, 7, 837, 'ON-HOLD')
('EVENTO:', 'Soldado Ferido17255348257552562192667103830759536087153', 3, 11, 4, 7, 837, 'COMPLETO')
('EVENTO:', 'Assalto0175972411015875988738516872580447037833', 2, 6, 4, 7, 837, 'RE-ATIVO')
('EVENTO:', 'PM na \xc3\x81rea14134120309780599291610480443149121423302', 2, 3, 3, 3, 840, 'ATIVO')
('EVENTO:', 'Joalheiria Roubada9257856270666204634988871311004529485535', 2, 1, 3, 5, 843, 'ON-HOLD')
('EVENTO:', 'Briga1249763167229977987643718776120960504090', 1, 8, 3, 7, 844, 'COMPLETO')
('EVENTO:', 'Joalheiria Roubada9257856270666204634988871311004529485535', 2, 1, 3, 5, 844, 'RE-ATIVO')
('EVENTO:', 'Mulher em Trabalho de Parto11127192225708809066642856411011382612917', 1, 11, 4, 7, 845, 'COMPLETO')
('EVENTO:', 'Depreda\xc3\xa7\xc3\xa3o39854955222616491859568400521926088362', 2, 14, 3, 3, 845, 'RE-ATIVO')
('EVENTO:', 'Golpe de Estado6335087709925436344364130806195083721628', 1, 14, 3, 3, 846, 'ON-HOLD')
('EVENTO:', 'Individuo Suspeito8143635675698761259167436508348944331682', 2, 8, 3, 7, 848, 'COMPLETO')
('EVENTO:', 'Golpe de Estado6335087709925436344364130806195083721628', 1, 14, 3, 3, 848, 'RE-ATIVO')
('EVENTO:', 'Hospital em Chamas713268605774063335473409025236046717056', 1, 9, 3, 5, 849, 'ATIVO')
('EVENTO:', 'Joalheiria Roubada9257856270666204634988871311004529485535', 1, 1, 3, 5, 851, 'COMPLETO')
('EVENTO:', 'Fuga548234403937642644294579743294338795192', 3, 12, 3, 6, 851, 'RE-ATIVO')
('EVENTO:', 'Briga1216636073785031375534711014597899304230', 3, 1, 3, 5, 852, 'ON-HOLD')
('EVENTO:', 'Golpe de Estado6335087709925436344364130806195083721628', 1, 14, 3, 3, 852, 'COMPLETO')
('EVENTO:', 'Briga1216636073785031375534711014597899304230', 3, 1, 3, 5, 852, 'RE-ATIVO')
('EVENTO:', 'Assalto0175972411015875988738516872580447037833', 2, 6, 4, 7, 854, 'COMPLETO')
('EVENTO:', 'Hospital em Chamas7218752325076055053165727501919365653602', 2, 11, 4, 7, 855, 'ATIVO')
('EVENTO:', 'PM na \xc3\x81rea14134120309780599291610480443149121423302', 1, 3, 3, 3, 856, 'COMPLETO')
('EVENTO:', 'Depreda\xc3\xa7\xc3\xa3o3190347446134729624045542288653958798646', 1, 6, 4, 7, 858, 'ATIVO')
('EVENTO:', 'V\xc3\xadtima de Acidente1944443753755878889095076512329639896101', 1, 4, 4, 7, 861, 'ON-HOLD')
('EVENTO:', 'Hospital em Chamas713268605774063335473409025236046717056', 1, 9, 3, 5, 861, 'COMPLETO')
('EVENTO:', 'V\xc3\xadtima de Acidente1944443753755878889095076512329639896101', 1, 4, 4, 7, 861, 'RE-ATIVO')
('EVENTO:', 'Fuga548234403937642644294579743294338795192', 1, 12, 3, 6, 862, 'COMPLETO')
('EVENTO:', 'Golpe de Estado622063515924555074594343914112534769060', 3, 6, 4, 7, 864, 'ATIVO')
('EVENTO:', 'Depreda\xc3\xa7\xc3\xa3o337410822224293071114996636089060774252', 2, 9, 3, 5, 867, 'ON-HOLD')
('EVENTO:', 'V\xc3\xadtima de Acidente1944443753755878889095076512329639896101', 1, 4, 4, 7, 869, 'COMPLETO')
('EVENTO:', 'Depreda\xc3\xa7\xc3\xa3o337410822224293071114996636089060774252', 2, 9, 3, 5, 869, 'RE-ATIVO')
('EVENTO:', 'Resgate16206015118994884384985316030311240522645', 3, 3, 3, 3, 870, 'ON-HOLD')
('EVENTO:', 'Briga1216636073785031375534711014597899304230', 1, 1, 3, 5, 871, 'COMPLETO')
('EVENTO:', 'Resgate16206015118994884384985316030311240522645', 3, 3, 3, 3, 871, 'RE-ATIVO')
('EVENTO:', 'Hospital em Chamas7218752325076055053165727501919365653602', 2, 11, 4, 7, 872, 'COMPLETO')
('EVENTO:', 'V\xc3\xadtima de Acidente19324426678731596436060630472229853986364', 3, 14, 3, 3, 873, 'ATIVO')
('EVENTO:', 'V\xc3\xadtima de Acidente1986476263519308752118057340216136977938', 3, 3, 3, 3, 876, 'ON-HOLD')
('EVENTO:', 'Fuga5329602025769235148377436148067086290082', 2, 5, 3, 5, 879, 'ON-HOLD')
('EVENTO:', 'Resgate16206015118994884384985316030311240522645', 1, 3, 3, 3, 879, 'COMPLETO')
('EVENTO:', 'Fuga5329602025769235148377436148067086290082', 2, 5, 3, 5, 879, 'RE-ATIVO')
('EVENTO:', 'Fuga5329602025769235148377436148067086290082', 1, 5, 3, 5, 879, 'COMPLETO')
('EVENTO:', 'V\xc3\xadtima de Acidente1986476263519308752118057340216136977938', 3, 3, 3, 3, 879, 'RE-ATIVO')
('EVENTO:', 'Depreda\xc3\xa7\xc3\xa3o337410822224293071114996636089060774252', 1, 9, 3, 5, 880, 'COMPLETO')
('EVENTO:', 'Soldado Ferido17217055946157462013940426944010045564807', 1, 13, 2, 8, 882, 'ATIVO')
('EVENTO:', 'Depreda\xc3\xa7\xc3\xa3o39854955222616491859568400521926088362', 1, 14, 3, 3, 882, 'COMPLETO')
('EVENTO:', 'Exterm\xc3\xadnio478368039138740113983620516986042548893', 3, 12, 3, 6, 885, 'ATIVO')
('EVENTO:', 'Tiroteio18178237294811099094866661799966257625758', 1, 11, 4, 7, 888, 'ON-HOLD')
('EVENTO:', 'V\xc3\xadtima de Acidente1986476263519308752118057340216136977938', 1, 3, 3, 3, 888, 'COMPLETO')
('EVENTO:', 'Tiroteio18178237294811099094866661799966257625758', 1, 11, 4, 7, 888, 'RE-ATIVO')
('EVENTO:', 'Golpe de Estado622063515924555074594343914112534769060', 1, 6, 4, 7, 889, 'COMPLETO')
('EVENTO:', 'Exterm\xc3\xadnio478368039138740113983620516986042548893', 1, 12, 3, 6, 889, 'COMPLETO')
('EVENTO:', 'Fuga573253629084514414081110649023698465237', 2, 6, 4, 7, 891, 'ATIVO')
('EVENTO:', 'Briga1229085292953205883001547293688708433102', 2, 2, 5, 7, 894, 'ATIVO')
('EVENTO:', 'Briga1229085292953205883001547293688708433102', 1, 2, 5, 7, 894, 'COMPLETO')
('EVENTO:', 'Soldado Ferido17217055946157462013940426944010045564807', 1, 13, 2, 8, 895, 'COMPLETO')
('EVENTO:', 'Depreda\xc3\xa7\xc3\xa3o3258223400670894902270538802816266695860', 3, 14, 3, 3, 897, 'ATIVO')
('EVENTO:', 'Depreda\xc3\xa7\xc3\xa3o3258223400670894902270538802816266695860', 2, 14, 3, 3, 899, 'COMPLETO')
('EVENTO:', 'Individuo Suspeito8137453129447453021422921952733112803856', 3, 5, 3, 5, 900, 'ATIVO')
('EVENTO:', 'Hospital em Chamas7321724512027436953979138886404825366838', 2, 11, 4, 7, 903, 'ON-HOLD')
('EVENTO:', 'Tiroteio18178237294811099094866661799966257625758', 1, 11, 4, 7, 905, 'COMPLETO')
('EVENTO:', 'Hospital em Chamas7321724512027436953979138886404825366838', 2, 11, 4, 7, 905, 'RE-ATIVO')
('EVENTO:', 'Individuo Suspeito8137453129447453021422921952733112803856', 2, 5, 3, 5, 905, 'COMPLETO')
('EVENTO:', 'Depreda\xc3\xa7\xc3\xa3o3248982582130705491909467302771149996286', 1, 10, 4, 5, 906, 'ATIVO')
('EVENTO:', 'Fuga573253629084514414081110649023698465237', 1, 6, 4, 7, 906, 'COMPLETO')
('EVENTO:', 'Resgate16285993193868574889736197479673802883320', 3, 14, 3, 3, 909, 'ATIVO')
('EVENTO:', 'Depreda\xc3\xa7\xc3\xa3o3248982582130705491909467302771149996286', 1, 10, 4, 5, 909, 'COMPLETO')
('EVENTO:', 'Briga1303618214711726433667122121632714672782', 3, 4, 4, 7, 912, 'ATIVO')
('EVENTO:', 'Soldado Ferido1769974623837331303863434513784946337375', 1, 13, 2, 8, 915, 'ATIVO')
('EVENTO:', 'Ladr\xc3\xa3o1076292537826915241610950374431231109128', 3, 4, 4, 7, 918, 'ON-HOLD')
('EVENTO:', 'Briga1303618214711726433667122121632714672782', 1, 4, 4, 7, 920, 'COMPLETO')
('EVENTO:', 'Ladr\xc3\xa3o1076292537826915241610950374431231109128', 3, 4, 4, 7, 920, 'RE-ATIVO')
('EVENTO:', 'Ladr\xc3\xa3o10210826127264706401440099415727780941926', 3, 4, 4, 7, 921, 'ON-HOLD')
('EVENTO:', 'Resgate16285993193868574889736197479673802883320', 1, 14, 3, 3, 921, 'COMPLETO')
('EVENTO:', 'Ladr\xc3\xa3o10210826127264706401440099415727780941926', 3, 4, 4, 7, 921, 'RE-ATIVO')
('EVENTO:', 'Hospital em Chamas78003196308269012088787040357565153354', 3, 1, 3, 5, 924, 'ON-HOLD')
('EVENTO:', 'Ladr\xc3\xa3o10210826127264706401440099415727780941926', 1, 4, 4, 7, 925, 'COMPLETO')
('EVENTO:', 'Hospital em Chamas78003196308269012088787040357565153354', 3, 1, 3, 5, 925, 'RE-ATIVO')
('EVENTO:', 'Fuga5302188056310144637703049979615305809725', 3, 4, 4, 7, 927, 'ON-HOLD')
('EVENTO:', 'Ladr\xc3\xa3o1076292537826915241610950374431231109128', 1, 4, 4, 7, 928, 'COMPLETO')
('EVENTO:', 'Fuga5302188056310144637703049979615305809725', 3, 4, 4, 7, 928, 'RE-ATIVO')
('EVENTO:', 'Hospital em Chamas78003196308269012088787040357565153354', 1, 1, 3, 5, 929, 'COMPLETO')
('EVENTO:', 'Joalheiria Roubada9191687312497406785779122596504092671796', 2, 8, 3, 7, 930, 'ATIVO')
('EVENTO:', 'Golpe de Estado658603704242334169890721002916009808189', 3, 11, 4, 7, 933, 'ON-HOLD')
('EVENTO:', 'Hospital em Chamas7321724512027436953979138886404825366838', 1, 11, 4, 7, 935, 'COMPLETO')
('EVENTO:', 'Golpe de Estado658603704242334169890721002916009808189', 3, 11, 4, 7, 935, 'RE-ATIVO')
('EVENTO:', 'Briga1324651764652102281409848836958605715471', 3, 6, 4, 7, 936, 'ON-HOLD')
('EVENTO:', 'Fuga5302188056310144637703049979615305809725', 1, 4, 4, 7, 937, 'COMPLETO')
('EVENTO:', 'Briga1324651764652102281409848836958605715471', 3, 6, 4, 7, 937, 'RE-ATIVO')
('EVENTO:', 'Briga1324651764652102281409848836958605715471', 1, 6, 4, 7, 938, 'COMPLETO')
('EVENTO:', 'V\xc3\xadtima de Acidente19116616520235635195866368259378976701963', 1, 9, 3, 5, 939, 'ATIVO')
('EVENTO:', 'Golpe de Estado658603704242334169890721002916009808189', 1, 11, 4, 7, 940, 'COMPLETO')
('EVENTO:', 'Resgate16129795310752805468170775464716891995297', 3, 6, 4, 7, 942, 'ATIVO')
('EVENTO:', 'Corrida de Rua2109191258057694823143874159889608839403', 3, 14, 3, 3, 945, 'ON-HOLD')
('EVENTO:', 'Individuo Suspeito8155600338219081143219744321834428152479', 2, 14, 3, 3, 948, 'ON-HOLD')
('EVENTO:', 'Corrida de Rua2307445215552603053134109876775037253041', 1, 2, 5, 7, 951, 'ON-HOLD')
('EVENTO:', 'V\xc3\xadtima de Acidente19116616520235635195866368259378976701963', 1, 9, 3, 5, 951, 'COMPLETO')
('EVENTO:', 'Corrida de Rua2307445215552603053134109876775037253041', 1, 2, 5, 7, 951, 'RE-ATIVO')
('EVENTO:', 'Corrida de Rua2163546972000697359921373255794644687575', 2, 10, 4, 5, 954, 'ON-HOLD')
('EVENTO:', 'Resgate16129795310752805468170775464716891995297', 1, 6, 4, 7, 954, 'COMPLETO')
('EVENTO:', 'Corrida de Rua2163546972000697359921373255794644687575', 2, 10, 4, 5, 954, 'RE-ATIVO')
('EVENTO:', 'Briga16972914691037928423311503014598475850', 1, 6, 4, 7, 957, 'ON-HOLD')
('EVENTO:', 'Corrida de Rua2307445215552603053134109876775037253041', 1, 2, 5, 7, 957, 'COMPLETO')
('EVENTO:', 'Briga16972914691037928423311503014598475850', 1, 6, 4, 7, 957, 'RE-ATIVO')
('EVENTO:', 'Briga16972914691037928423311503014598475850', 1, 6, 4, 7, 958, 'COMPLETO')
('EVENTO:', 'Individuo Suspeito8155600338219081143219744321834428152479', 2, 14, 3, 3, 958, 'RE-ATIVO')
('EVENTO:', 'Soldado Ferido17208044105191890026345480132747622145011', 2, 4, 4, 7, 960, 'ON-HOLD')
('EVENTO:', 'Individuo Suspeito8155600338219081143219744321834428152479', 1, 14, 3, 3, 961, 'COMPLETO')
('EVENTO:', 'Soldado Ferido17208044105191890026345480132747622145011', 2, 4, 4, 7, 961, 'RE-ATIVO')
('EVENTO:', 'Hospital em Chamas7314502055940778534302552558591641539904', 3, 14, 3, 3, 963, 'ON-HOLD')
('EVENTO:', 'Ladr\xc3\xa3o10166021557228881809671016863661347146359', 1, 5, 3, 5, 966, 'ON-HOLD')
('EVENTO:', 'Corrida de Rua2163546972000697359921373255794644687575', 1, 10, 4, 5, 968, 'COMPLETO')
('EVENTO:', 'Ladr\xc3\xa3o10166021557228881809671016863661347146359', 1, 5, 3, 5, 968, 'RE-ATIVO')
('EVENTO:', 'Ladr\xc3\xa3o10166021557228881809671016863661347146359', 1, 5, 3, 5, 968, 'COMPLETO')
('EVENTO:', 'Hospital em Chamas7314502055940778534302552558591641539904', 3, 14, 3, 3, 968, 'RE-ATIVO')
('EVENTO:', 'Individuo Suspeito8270090095371062157434009655200432518377', 3, 4, 4, 7, 969, 'ON-HOLD')
('EVENTO:', 'Soldado Ferido17208044105191890026345480132747622145011', 1, 4, 4, 7, 971, 'COMPLETO')
('EVENTO:', 'Individuo Suspeito8270090095371062157434009655200432518377', 3, 4, 4, 7, 971, 'RE-ATIVO')
('EVENTO:', 'Hospital em Chamas7131300675593167486802445721195039348949', 1, 10, 4, 5, 972, 'ON-HOLD')
('EVENTO:', 'Navio Afundando1250915173634196283677907160751281331401', 1, 4, 4, 7, 975, 'ON-HOLD')
('EVENTO:', 'Depreda\xc3\xa7\xc3\xa3o3190347446134729624045542288653958798646', 1, 6, 4, 7, 978, 'TIME-OUT')
('EVENTO:', 'Navio Afundando1250915173634196283677907160751281331401', 1, 4, 4, 7, 978, 'RE-ATIVO')
('EVENTO:', 'Individuo Suspeito8270090095371062157434009655200432518377', 1, 4, 4, 7, 979, 'COMPLETO')
('EVENTO:', 'Hospital em Chamas7131300675593167486802445721195039348949', 1, 10, 4, 5, 979, 'RE-ATIVO')
('EVENTO:', 'Joalheiria Roubada9191687312497406785779122596504092671796', 1, 8, 3, 7, 980, 'COMPLETO')
('EVENTO:', 'Corrida de Rua2109191258057694823143874159889608839403', 3, 14, 3, 3, 980, 'RE-ATIVO')
('EVENTO:', 'Navio Afundando12335787609082978019894710787976201115742', 1, 10, 4, 5, 981, 'ON-HOLD')
('EVENTO:', 'Hospital em Chamas7314502055940778534302552558591641539904', 1, 14, 3, 3, 981, 'COMPLETO')
('EVENTO:', 'Navio Afundando12335787609082978019894710787976201115742', 1, 10, 4, 5, 981, 'RE-ATIVO')
('EVENTO:', 'Soldado Ferido1769974623837331303863434513784946337375', 1, 13, 2, 8, 982, 'COMPLETO')
('EVENTO:', 'Hospital em Chamas7131300675593167486802445721195039348949', 1, 10, 4, 5, 982, 'COMPLETO')
('EVENTO:', 'Golpe de Estado6289899048381920566221914005847838318257', 1, 3, 3, 3, 984, 'ATIVO')
('EVENTO:', 'Golpe de Estado6289899048381920566221914005847838318257', 1, 3, 3, 3, 984, 'COMPLETO')
('EVENTO:', 'Corrida de Rua2214519552747356609618409930992942039093', 2, 3, 3, 3, 987, 'ATIVO')
('EVENTO:', 'V\xc3\xadtima de Acidente19324426678731596436060630472229853986364', 2, 14, 3, 3, 989, 'COMPLETO')
('EVENTO:', 'Mulher em Trabalho de Parto11195265981476939476854897750035271442667', 3, 3, 3, 3, 990, 'ATIVO')
('EVENTO:', 'Navio Afundando12335787609082978019894710787976201115742', 1, 10, 4, 5, 991, 'COMPLETO')
('EVENTO:', 'Exterm\xc3\xadnio4275709638679849946527947735584838658121', 2, 7, 4, 4, 993, 'ATIVO')
('EVENTO:', 'Corrida de Rua2214519552747356609618409930992942039093', 1, 3, 3, 3, 995, 'COMPLETO')
('EVENTO:', 'Joalheiria Roubada944214365245027465035398095095364036326', 3, 14, 3, 3, 996, 'ATIVO')
('EVENTO:', 'Mulher em Trabalho de Parto11195265981476939476854897750035271442667', 2, 3, 3, 3, 997, 'COMPLETO')
('EVENTO:', 'Opera\xc3\xa7\xc3\xa3o Policial13244243635062245951554857415858695437769', 2, 9, 3, 5, 999, 'ATIVO')
