"EVENTO", "NOME", "INTENSIDADE", "PONTO", "GRAU_ATUAL", "GRAU_ORIGINAL", "RODADAS", "STATUS"
"EVENTO:", "Individuo Suspeito8271532797049873307352883223545026025632", 2, 30, 5, 18, 3, 0
"EVENTO:", "Individuo Suspeito8271532797049873307352883223545026025632", 2, 30, 5, 18, 5, 1
"EVENTO:", "Resgate16110139739512924746887579372389760960625", 1, 3, 6, 12, 6, 0
"EVENTO:", "Resgate16110139739512924746887579372389760960625", 1, 3, 6, 12, 7, 1
"EVENTO:", "Assalto0288117908210717544263446020892450906734", 3, 9, 7, 14, 9, 0
"EVENTO:", "Assalto0288117908210717544263446020892450906734", 2, 9, 7, 14, 9, 1
"EVENTO:", "Depreda\xc3\xa7\xc3\xa3o391792840654993384334869322891163007407", 3, 35, 6, 15, 12, 0
"EVENTO:", "Depreda\xc3\xa7\xc3\xa3o391792840654993384334869322891163007407", 2, 35, 6, 15, 13, 1
"EVENTO:", "Assalto0313272252902954194644331128538288794056", 1, 27, 6, 15, 15, 0
"EVENTO:", "Assalto0313272252902954194644331128538288794056", 1, 27, 6, 15, 16, 1
"EVENTO:", "PM na \xc3\x81rea14110870928509049466210708901862815454264", 3, 16, 6, 21, 18, 0
"EVENTO:", "PM na \xc3\x81rea14110870928509049466210708901862815454264", 2, 16, 6, 21, 18, 1
"EVENTO:", "Corrida de Rua2310208331377694780794811389085257200505", 2, 33, 9, 19, 21, 0
"EVENTO:", "Corrida de Rua2310208331377694780794811389085257200505", 2, 33, 9, 19, 21, 1
"EVENTO:", "Briga1191702784090531787822304021631018946651", 1, 1, 11, 16, 24, 0
"EVENTO:", "Briga1191702784090531787822304021631018946651", 1, 1, 11, 16, 25, 1
"EVENTO:", "Joalheiria Roubada9281683222558283599533106562606013769536", 2, 2, 5, 16, 27, 0
"EVENTO:", "Joalheiria Roubada9281683222558283599533106562606013769536", 2, 2, 5, 16, 29, 1
"EVENTO:", "Individuo Suspeito8266291318543004167232024888299622517342", 3, 26, 8, 11, 30, 0
"EVENTO:", "Individuo Suspeito8266291318543004167232024888299622517342", 2, 26, 8, 11, 30, 1
"EVENTO:", "Golpe de Estado653874871876311508973642108652498077888", 3, 20, 7, 16, 33, 0
"EVENTO:", "Golpe de Estado653874871876311508973642108652498077888", 2, 20, 7, 16, 33, 1
"EVENTO:", "Briga1166424239031430760057832705733477797896", 2, 1, 11, 16, 36, 0
"EVENTO:", "Briga1166424239031430760057832705733477797896", 2, 1, 11, 16, 37, 1
"EVENTO:", "Resgate16112660681581575895581729967344927511059", 3, 34, 6, 16, 39, 0
"EVENTO:", "Resgate16112660681581575895581729967344927511059", 2, 34, 6, 16, 40, 1
"EVENTO:", "Depreda\xc3\xa7\xc3\xa3o3297104388600287108774545023066981736173", 2, 11, 7, 11, 42, 0
"EVENTO:", "Depreda\xc3\xa7\xc3\xa3o3297104388600287108774545023066981736173", 2, 11, 7, 11, 42, 1
"EVENTO:", "V\xc3\xadtima de Acidente1944721457375667758666871646570131884091", 1, 35, 6, 15, 45, 0
"EVENTO:", "V\xc3\xadtima de Acidente1944721457375667758666871646570131884091", 1, 35, 6, 15, 46, 1
"EVENTO:", "V\xc3\xadtima de Acidente19211572098109872814595746636865630031736", 1, 30, 5, 18, 48, 0
"EVENTO:", "V\xc3\xadtima de Acidente19211572098109872814595746636865630031736", 1, 30, 5, 18, 50, 1
"EVENTO:", "Briga1230991679255231884280349767398766865718", 2, 2, 5, 16, 51, 0
"EVENTO:", "Briga1230991679255231884280349767398766865718", 2, 2, 5, 16, 53, 1
"EVENTO:", "Corrida de Rua2223824472911535937952579811858716420260", 3, 4, 7, 13, 54, 0
"EVENTO:", "Corrida de Rua2223824472911535937952579811858716420260", 2, 4, 7, 13, 55, 1
"EVENTO:", "Quadrilha15316267636861585913676870942214001957213", 2, 5, 9, 17, 57, 0
"EVENTO:", "Quadrilha15316267636861585913676870942214001957213", 2, 5, 9, 17, 57, 1
"EVENTO:", "Joalheiria Roubada974803458761658943539161938731452153797", 2, 18, 5, 15, 60, 0
"EVENTO:", "Joalheiria Roubada974803458761658943539161938731452153797", 2, 18, 5, 15, 62, 1
"EVENTO:", "Assalto0303721830718426925582304350629170565059", 3, 26, 8, 11, 63, 0
"EVENTO:", "Assalto0303721830718426925582304350629170565059", 2, 26, 8, 11, 63, 1
"EVENTO:", "V\xc3\xadtima de Acidente19284017814895342179559120251141553085616", 2, 25, 3, 14, 66, 0
"EVENTO:", "V\xc3\xadtima de Acidente19284017814895342179559120251141553085616", 2, 25, 3, 14, 68, 1
"EVENTO:", "Briga149884950246906791449818039401880779631", 1, 4, 7, 13, 69, 0
"EVENTO:", "Briga149884950246906791449818039401880779631", 1, 4, 7, 13, 70, 1
"EVENTO:", "Corrida de Rua247115906465140707686203084249350265689", 1, 10, 6, 18, 72, 0
"EVENTO:", "Corrida de Rua247115906465140707686203084249350265689", 1, 10, 6, 18, 73, 1
"EVENTO:", "Tiroteio1843333194494825649014830032260989321463", 3, 5, 9, 17, 75, 0
"EVENTO:", "Tiroteio1843333194494825649014830032260989321463", 2, 5, 9, 17, 75, 1
"EVENTO:", "Golpe de Estado6330701138200507575497954524723290047057", 1, 3, 6, 12, 78, 0
"EVENTO:", "Golpe de Estado6330701138200507575497954524723290047057", 1, 3, 6, 12, 79, 1
"EVENTO:", "Briga1172498410286834378864409211949223250945", 2, 6, 10, 17, 81, 0
"EVENTO:", "Briga1172498410286834378864409211949223250945", 2, 6, 10, 17, 81, 1
"EVENTO:", "Joalheiria Roubada9137867613112956656044913325275603127270", 2, 18, 5, 15, 84, 0
"EVENTO:", "Joalheiria Roubada9137867613112956656044913325275603127270", 2, 18, 5, 15, 86, 1
"EVENTO:", "Individuo Suspeito8106021695559010561339931212349086687689", 1, 31, 3, 11, 87, 0
"EVENTO:", "Individuo Suspeito8106021695559010561339931212349086687689", 1, 31, 3, 11, 88, 1
"EVENTO:", "Mulher em Trabalho de Parto1146442591409289427692905378360888638459", 3, 37, 7, 12, 90, 0
"EVENTO:", "Mulher em Trabalho de Parto1146442591409289427692905378360888638459", 2, 37, 7, 12, 90, 1
"EVENTO:", "Quadrilha15119100847455449458686693229814896829210", 1, 15, 10, 18, 93, 0
"EVENTO:", "Quadrilha15119100847455449458686693229814896829210", 1, 15, 10, 18, 94, 1
"EVENTO:", "Resgate16251910598899046727826993237267152831245", 3, 22, 4, 19, 96, 0
"EVENTO:", "Resgate16251910598899046727826993237267152831245", 2, 22, 4, 19, 97, 1
"EVENTO:", "V\xc3\xadtima de Acidente19307429685515258457797597227559480685038", 1, 28, 4, 14, 99, 0
"EVENTO:", "V\xc3\xadtima de Acidente19307429685515258457797597227559480685038", 1, 28, 4, 14, 100, 1
"EVENTO:", "Fuga5123887884121865349536514546803969222639", 2, 11, 7, 11, 102, 0
"EVENTO:", "Fuga5123887884121865349536514546803969222639", 2, 11, 7, 11, 102, 1
"EVENTO:", "Quadrilha15274171562507722103044985018493090086232", 1, 30, 5, 18, 105, 0
"EVENTO:", "Quadrilha15274171562507722103044985018493090086232", 1, 30, 5, 18, 107, 1
"EVENTO:", "Exterm\xc3\xadnio4234720737713153967689711008797704989836", 3, 10, 6, 18, 108, 0
"EVENTO:", "Exterm\xc3\xadnio4234720737713153967689711008797704989836", 2, 10, 6, 18, 109, 1
"EVENTO:", "Depreda\xc3\xa7\xc3\xa3o3113083944774522629597490764431627475751", 3, 5, 9, 17, 111, 0
"EVENTO:", "Depreda\xc3\xa7\xc3\xa3o3113083944774522629597490764431627475751", 2, 5, 9, 17, 111, 1
"EVENTO:", "Mulher em Trabalho de Parto1147336046334491130513827273077745399476", 1, 39, 10, 19, 114, 0
"EVENTO:", "Mulher em Trabalho de Parto1147336046334491130513827273077745399476", 1, 39, 10, 19, 115, 1
"EVENTO:", "Depreda\xc3\xa7\xc3\xa3o3329720916184193308710598710082286021558", 2, 1, 11, 16, 117, 0
"EVENTO:", "Depreda\xc3\xa7\xc3\xa3o3329720916184193308710598710082286021558", 2, 1, 11, 16, 118, 1
"EVENTO:", "Assalto0233704245925362477897212815947436859380", 3, 36, 8, 15, 120, 0
"EVENTO:", "Assalto0233704245925362477897212815947436859380", 2, 36, 8, 15, 120, 1
"EVENTO:", "V\xc3\xadtima de Acidente1943759013316146590466736228460219291081", 2, 37, 7, 12, 123, 0
"EVENTO:", "V\xc3\xadtima de Acidente1943759013316146590466736228460219291081", 2, 37, 7, 12, 123, 1
"EVENTO:", "Ladr\xc3\xa3o10131280535614332154268222046437452591161", 3, 37, 7, 12, 126, 0
"EVENTO:", "Ladr\xc3\xa3o10131280535614332154268222046437452591161", 2, 37, 7, 12, 126, 1
"EVENTO:", "Opera\xc3\xa7\xc3\xa3o Policial1381483529583676341438615497645308107983", 3, 39, 10, 19, 129, 0
"EVENTO:", "Opera\xc3\xa7\xc3\xa3o Policial1381483529583676341438615497645308107983", 2, 39, 10, 19, 130, 1
"EVENTO:", "V\xc3\xadtima de Acidente19299839194439444774287729028699840411436", 1, 17, 8, 16, 132, 0
"EVENTO:", "V\xc3\xadtima de Acidente19299839194439444774287729028699840411436", 1, 17, 8, 16, 132, 1
"EVENTO:", "Opera\xc3\xa7\xc3\xa3o Policial13322880639117945713980214863609017044426", 3, 30, 5, 18, 135, 0
"EVENTO:", "Opera\xc3\xa7\xc3\xa3o Policial13322880639117945713980214863609017044426", 2, 30, 5, 18, 137, 1
"EVENTO:", "Ladr\xc3\xa3o1039716517331692856692592074791688954487", 1, 28, 4, 14, 138, 0
"EVENTO:", "Ladr\xc3\xa3o1039716517331692856692592074791688954487", 1, 28, 4, 14, 139, 1
"EVENTO:", "Briga1141068837351896695667202243552951409757", 1, 6, 10, 17, 141, 0
"EVENTO:", "Briga1141068837351896695667202243552951409757", 1, 6, 10, 17, 141, 1
"EVENTO:", "Mulher em Trabalho de Parto11170849190049551564396201858839947262711", 2, 23, 6, 17, 144, 0
"EVENTO:", "Mulher em Trabalho de Parto11170849190049551564396201858839947262711", 2, 23, 6, 17, 146, 1
"EVENTO:", "Golpe de Estado687465588250364512938162697571279081148", 2, 31, 3, 11, 147, 0
"EVENTO:", "Golpe de Estado687465588250364512938162697571279081148", 2, 31, 3, 11, 148, 1
"EVENTO:", "Hospital em Chamas7323513577626837104491973062119237502279", 2, 10, 6, 18, 150, 0
"EVENTO:", "Hospital em Chamas7323513577626837104491973062119237502279", 2, 10, 6, 18, 151, 1
"EVENTO:", "Joalheiria Roubada9146376434200259868822828513023504903760", 3, 31, 3, 11, 153, 0
"EVENTO:", "Joalheiria Roubada9146376434200259868822828513023504903760", 2, 31, 3, 11, 154, 1
"EVENTO:", "Exterm\xc3\xadnio4142942055798239515061054417906723804361", 1, 3, 6, 12, 156, 0
"EVENTO:", "Exterm\xc3\xadnio4142942055798239515061054417906723804361", 1, 3, 6, 12, 157, 1
"EVENTO:", "Navio Afundando12175929833400137059053963834949115176552", 2, 14, 6, 15, 159, 0
"EVENTO:", "Navio Afundando12175929833400137059053963834949115176552", 2, 14, 6, 15, 160, 1
"EVENTO:", "V\xc3\xadtima de Acidente19317001238165940612923809122288348384746", 1, 16, 6, 21, 162, 0
"EVENTO:", "V\xc3\xadtima de Acidente19317001238165940612923809122288348384746", 1, 16, 6, 21, 162, 1
"EVENTO:", "Individuo Suspeito8173808225566010829742761007776183282263", 2, 15, 10, 18, 165, 0
"EVENTO:", "Individuo Suspeito8173808225566010829742761007776183282263", 2, 15, 10, 18, 166, 1
"EVENTO:", "Resgate1621848628900927853088786808017385575178", 1, 20, 7, 16, 168, 0
"EVENTO:", "Resgate1621848628900927853088786808017385575178", 1, 20, 7, 16, 168, 1
"EVENTO:", "Quadrilha15232523863480038528366165421628813193671", 1, 29, 5, 14, 171, 0
"EVENTO:", "Quadrilha15232523863480038528366165421628813193671", 1, 29, 5, 14, 173, 1
"EVENTO:", "Depreda\xc3\xa7\xc3\xa3o3138189061695885123646896099769321293157", 2, 27, 6, 15, 174, 0
"EVENTO:", "Depreda\xc3\xa7\xc3\xa3o3138189061695885123646896099769321293157", 2, 27, 6, 15, 175, 1
"EVENTO:", "Individuo Suspeito8219847490537281115569743721906026153955", 3, 23, 6, 17, 177, 0
"EVENTO:", "Individuo Suspeito8219847490537281115569743721906026153955", 2, 23, 6, 17, 179, 1
"EVENTO:", "PM na \xc3\x81rea14131600405772495693192874203729175487773", 1, 23, 6, 17, 180, 0
"EVENTO:", "PM na \xc3\x81rea14131600405772495693192874203729175487773", 1, 23, 6, 17, 182, 1
"EVENTO:", "Resgate1661889303553917464134547981720171107286", 1, 1, 11, 16, 183, 0
"EVENTO:", "Resgate1661889303553917464134547981720171107286", 1, 1, 11, 16, 184, 1
"EVENTO:", "Navio Afundando126253912032510098441700444825203990965", 1, 10, 6, 18, 186, 0
"EVENTO:", "Navio Afundando126253912032510098441700444825203990965", 1, 10, 6, 18, 187, 1
"EVENTO:", "Navio Afundando1292611829696989646368131848583601694130", 1, 27, 6, 15, 189, 0
"EVENTO:", "Navio Afundando1292611829696989646368131848583601694130", 1, 27, 6, 15, 190, 1
"EVENTO:", "Ladr\xc3\xa3o10286636761514708178555736088365939283405", 2, 30, 5, 18, 192, 0
"EVENTO:", "Ladr\xc3\xa3o10286636761514708178555736088365939283405", 2, 30, 5, 18, 194, 1
"EVENTO:", "Hospital em Chamas7271853905453740368711217360427908027642", 1, 1, 11, 16, 195, 0
"EVENTO:", "Hospital em Chamas7271853905453740368711217360427908027642", 1, 1, 11, 16, 196, 1
"EVENTO:", "Resgate16113324451298968434547644778731151037110", 2, 24, 7, 20, 198, 0
"EVENTO:", "Resgate16113324451298968434547644778731151037110", 2, 24, 7, 20, 199, 1
"EVENTO:", "Corrida de Rua2171012006824560386939138048096352926472", 1, 1, 11, 16, 201, 0
"EVENTO:", "Corrida de Rua2171012006824560386939138048096352926472", 1, 1, 11, 16, 202, 1
"EVENTO:", "Corrida de Rua2257018533418006694369400376043722414055", 2, 28, 4, 14, 204, 0
"EVENTO:", "Corrida de Rua2257018533418006694369400376043722414055", 2, 28, 4, 14, 205, 1
"EVENTO:", "V\xc3\xadtima de Acidente19310034693412822855812008768277641530233", 3, 25, 3, 14, 207, 0
"EVENTO:", "V\xc3\xadtima de Acidente19310034693412822855812008768277641530233", 2, 25, 3, 14, 209, 1
"EVENTO:", "Quadrilha1525257849249839677858003472584056578476", 3, 27, 6, 15, 210, 0
"EVENTO:", "Quadrilha1525257849249839677858003472584056578476", 2, 27, 6, 15, 211, 1
"EVENTO:", "Assalto0168460621327947987229886294811432694484", 2, 2, 5, 16, 213, 0
"EVENTO:", "Assalto0168460621327947987229886294811432694484", 2, 2, 5, 16, 215, 1
"EVENTO:", "Soldado Ferido1727277427711511869446299396274730026820", 1, 22, 4, 19, 216, 0
"EVENTO:", "Soldado Ferido1727277427711511869446299396274730026820", 1, 22, 4, 19, 217, 1
"EVENTO:", "V\xc3\xadtima de Acidente1960220373206287640181625946798338037505", 2, 13, 8, 14, 219, 0
"EVENTO:", "V\xc3\xadtima de Acidente1960220373206287640181625946798338037505", 2, 13, 8, 14, 219, 1
"EVENTO:", "Corrida de Rua2100722333638305591878854170722290872777", 3, 15, 10, 18, 222, 0
"EVENTO:", "Corrida de Rua2100722333638305591878854170722290872777", 2, 15, 10, 18, 223, 1
"EVENTO:", "Joalheiria Roubada925854743633821521327768382475038859920", 1, 34, 6, 16, 225, 0
"EVENTO:", "Joalheiria Roubada925854743633821521327768382475038859920", 1, 34, 6, 16, 226, 1
"EVENTO:", "Fuga5235024036553462503141281750361304291388", 2, 21, 9, 15, 228, 0
"EVENTO:", "Fuga5235024036553462503141281750361304291388", 2, 21, 9, 15, 230, 1
"EVENTO:", "Navio Afundando12137774068931803858961148623277257622615", 3, 5, 9, 17, 231, 0
"EVENTO:", "Navio Afundando12137774068931803858961148623277257622615", 2, 5, 9, 17, 231, 1
"EVENTO:", "Ladr\xc3\xa3o10298728726468309014256789777808031467222", 3, 19, 7, 14, 234, 0
"EVENTO:", "Ladr\xc3\xa3o10298728726468309014256789777808031467222", 2, 19, 7, 14, 236, 1
"EVENTO:", "Individuo Suspeito8266067605990957132240747251882228527637", 1, 20, 7, 16, 237, 0
"EVENTO:", "Individuo Suspeito8266067605990957132240747251882228527637", 1, 20, 7, 16, 237, 1
"EVENTO:", "Soldado Ferido17302754798773676064404074475193609846793", 3, 15, 10, 18, 240, 0
"EVENTO:", "Soldado Ferido17302754798773676064404074475193609846793", 2, 15, 10, 18, 241, 1
"EVENTO:", "Soldado Ferido17317226179023059718770045338125810995454", 1, 2, 5, 16, 243, 0
"EVENTO:", "Soldado Ferido17317226179023059718770045338125810995454", 1, 2, 5, 16, 245, 1
"EVENTO:", "Golpe de Estado6313727025461919748181611728507816650207", 1, 37, 7, 12, 246, 0
"EVENTO:", "Golpe de Estado6313727025461919748181611728507816650207", 1, 37, 7, 12, 246, 1
"EVENTO:", "Fuga590168221239372988779192435737429219904", 1, 12, 8, 14, 249, 0
"EVENTO:", "Fuga590168221239372988779192435737429219904", 1, 12, 8, 14, 251, 1
"EVENTO:", "Depreda\xc3\xa7\xc3\xa3o3296796151330871949661737715474166058900", 1, 14, 6, 15, 252, 0
"EVENTO:", "Depreda\xc3\xa7\xc3\xa3o3296796151330871949661737715474166058900", 1, 14, 6, 15, 253, 1
"EVENTO:", "Fuga5281798032269845163498092429529275533808", 1, 1, 11, 16, 255, 0
"EVENTO:", "Fuga5281798032269845163498092429529275533808", 1, 1, 11, 16, 256, 1
"EVENTO:", "Golpe de Estado662489619394151060072069670098784646826", 1, 34, 6, 16, 258, 0
"EVENTO:", "Golpe de Estado662489619394151060072069670098784646826", 1, 34, 6, 16, 259, 1
"EVENTO:", "Soldado Ferido17266925757229802605081108907150795213283", 3, 5, 9, 17, 261, 0
"EVENTO:", "Soldado Ferido17266925757229802605081108907150795213283", 2, 5, 9, 17, 261, 1
"EVENTO:", "Individuo Suspeito8332392506600219200264417609550343911505", 1, 22, 4, 19, 264, 0
"EVENTO:", "Individuo Suspeito8332392506600219200264417609550343911505", 1, 22, 4, 19, 265, 1
"EVENTO:", "V\xc3\xadtima de Acidente19265148657510695397917595122193420756698", 1, 32, 8, 9, 267, 0
"EVENTO:", "V\xc3\xadtima de Acidente19265148657510695397917595122193420756698", 1, 32, 8, 9, 269, 1
"EVENTO:", "Fuga584708866906592204752160450993017924004", 3, 38, 7, 18, 270, 0
"EVENTO:", "Fuga584708866906592204752160450993017924004", 2, 38, 7, 18, 272, 1
"EVENTO:", "Exterm\xc3\xadnio4223151866125884396445683187751258538571", 1, 11, 7, 11, 273, 0
"EVENTO:", "Exterm\xc3\xadnio4223151866125884396445683187751258538571", 1, 11, 7, 11, 273, 1
"EVENTO:", "Golpe de Estado6309533141445081084130344102675196975126", 3, 16, 6, 21, 276, 0
"EVENTO:", "Golpe de Estado6309533141445081084130344102675196975126", 2, 16, 6, 21, 276, 1
"EVENTO:", "Joalheiria Roubada9238458404959457435965935534503829588983", 1, 6, 10, 17, 279, 0
"EVENTO:", "Joalheiria Roubada9238458404959457435965935534503829588983", 1, 6, 10, 17, 279, 1
"EVENTO:", "V\xc3\xadtima de Acidente1916563937519633840180019819821194283240", 2, 27, 6, 15, 282, 0
"EVENTO:", "V\xc3\xadtima de Acidente1916563937519633840180019819821194283240", 2, 27, 6, 15, 283, 1
"EVENTO:", "V\xc3\xadtima de Acidente19280390377032462332277036994932156791207", 2, 11, 7, 11, 285, 0
"EVENTO:", "V\xc3\xadtima de Acidente19280390377032462332277036994932156791207", 2, 11, 7, 11, 285, 1
"EVENTO:", "Assalto0268481946824248544067991109880179127458", 3, 4, 7, 13, 288, 0
"EVENTO:", "Assalto0268481946824248544067991109880179127458", 2, 4, 7, 13, 289, 1
"EVENTO:", "V\xc3\xadtima de Acidente19287375033542234800905668378397129609343", 1, 32, 8, 9, 291, 0
"EVENTO:", "V\xc3\xadtima de Acidente19287375033542234800905668378397129609343", 1, 32, 8, 9, 293, 1
"EVENTO:", "Golpe de Estado678134454016018229099574587141259921837", 3, 17, 8, 16, 294, 0
"EVENTO:", "Golpe de Estado678134454016018229099574587141259921837", 2, 17, 8, 16, 294, 1
"EVENTO:", "Fuga568079503266532196819527489100511891331", 3, 17, 8, 16, 297, 0
"EVENTO:", "Fuga568079503266532196819527489100511891331", 2, 17, 8, 16, 297, 1
"EVENTO:", "V\xc3\xadtima de Acidente19169390375431635585261659431157412282760", 1, 21, 9, 15, 300, 0
"EVENTO:", "V\xc3\xadtima de Acidente19169390375431635585261659431157412282760", 1, 21, 9, 15, 302, 1
"EVENTO:", "Opera\xc3\xa7\xc3\xa3o Policial1370081621501304265981009610422264486149", 3, 14, 6, 15, 303, 0
"EVENTO:", "Opera\xc3\xa7\xc3\xa3o Policial1370081621501304265981009610422264486149", 2, 14, 6, 15, 304, 1
"EVENTO:", "V\xc3\xadtima de Acidente19274964748931718509342145998739827692387", 3, 36, 8, 15, 306, 0
"EVENTO:", "V\xc3\xadtima de Acidente19274964748931718509342145998739827692387", 2, 36, 8, 15, 306, 1
"EVENTO:", "Golpe de Estado6207511123226840764467754029932780717884", 3, 10, 6, 18, 309, 0
"EVENTO:", "Golpe de Estado6207511123226840764467754029932780717884", 2, 10, 6, 18, 310, 1
"EVENTO:", "Hospital em Chamas7114189630951736908592222650994403901291", 1, 24, 7, 20, 312, 0
"EVENTO:", "Hospital em Chamas7114189630951736908592222650994403901291", 1, 24, 7, 20, 313, 1
"EVENTO:", "Tiroteio18138544611498357160537609294781536658468", 1, 21, 9, 15, 315, 0
"EVENTO:", "Tiroteio18138544611498357160537609294781536658468", 1, 21, 9, 15, 317, 1
"EVENTO:", "Soldado Ferido17170241129178482937773130867070385892356", 2, 36, 8, 15, 318, 0
"EVENTO:", "Soldado Ferido17170241129178482937773130867070385892356", 2, 36, 8, 15, 318, 1
"EVENTO:", "Ladr\xc3\xa3o10169138919247567017481495547217746002956", 2, 6, 10, 17, 321, 0
"EVENTO:", "Ladr\xc3\xa3o10169138919247567017481495547217746002956", 2, 6, 10, 17, 321, 1
"EVENTO:", "V\xc3\xadtima de Acidente19334423871947302311594839143578033425351", 1, 28, 4, 14, 324, 0
"EVENTO:", "V\xc3\xadtima de Acidente19334423871947302311594839143578033425351", 1, 28, 4, 14, 325, 1
"EVENTO:", "Individuo Suspeito8336679516974376143120232152154432923422", 3, 33, 9, 19, 327, 0
"EVENTO:", "Individuo Suspeito8336679516974376143120232152154432923422", 2, 33, 9, 19, 327, 1
"EVENTO:", "Navio Afundando12208434098512091889798546799050321885590", 2, 20, 7, 16, 330, 0
"EVENTO:", "Navio Afundando12208434098512091889798546799050321885590", 2, 20, 7, 16, 330, 1
"EVENTO:", "Resgate1660965741283469879924089543635136534639", 2, 9, 7, 14, 333, 0
"EVENTO:", "Resgate1660965741283469879924089543635136534639", 2, 9, 7, 14, 333, 1
"EVENTO:", "Resgate16125171853080040708824094151080154346670", 2, 32, 8, 9, 336, 0
"EVENTO:", "Resgate16125171853080040708824094151080154346670", 2, 32, 8, 9, 338, 1
"EVENTO:", "Fuga520575777859743416703451006833735944011", 2, 31, 3, 11, 339, 0
"EVENTO:", "Fuga520575777859743416703451006833735944011", 2, 31, 3, 11, 340, 1
"EVENTO:", "Exterm\xc3\xadnio4137450793277446614694231976143073905198", 1, 32, 8, 9, 342, 0
"EVENTO:", "Exterm\xc3\xadnio4137450793277446614694231976143073905198", 1, 32, 8, 9, 344, 1
"EVENTO:", "Hospital em Chamas755272567040998242293267094980510586699", 3, 19, 7, 14, 345, 0
"EVENTO:", "Hospital em Chamas755272567040998242293267094980510586699", 2, 19, 7, 14, 347, 1
"EVENTO:", "Soldado Ferido17149338973990451476269089213588297430179", 2, 27, 6, 15, 348, 0
"EVENTO:", "Soldado Ferido17149338973990451476269089213588297430179", 2, 27, 6, 15, 349, 1
"EVENTO:", "V\xc3\xadtima de Acidente19278259834571666955083957313541732264300", 3, 2, 5, 16, 351, 0
"EVENTO:", "V\xc3\xadtima de Acidente19278259834571666955083957313541732264300", 2, 2, 5, 16, 353, 1
"EVENTO:", "Exterm\xc3\xadnio4137623803251394945820007258924209184409", 2, 28, 4, 14, 354, 0
"EVENTO:", "Exterm\xc3\xadnio4137623803251394945820007258924209184409", 2, 28, 4, 14, 355, 1
"EVENTO:", "Soldado Ferido17133012608800136962405284594667125049534", 1, 11, 7, 11, 357, 0
"EVENTO:", "Soldado Ferido17133012608800136962405284594667125049534", 1, 11, 7, 11, 357, 1
"EVENTO:", "Ladr\xc3\xa3o10302965062314249348302258361398992209677", 2, 22, 4, 19, 360, 0
"EVENTO:", "Ladr\xc3\xa3o10302965062314249348302258361398992209677", 2, 22, 4, 19, 361, 1
"EVENTO:", "Navio Afundando1281601043981944438653400754596184751459", 3, 14, 6, 15, 363, 0
"EVENTO:", "Navio Afundando1281601043981944438653400754596184751459", 2, 14, 6, 15, 364, 1
"EVENTO:", "Opera\xc3\xa7\xc3\xa3o Policial13250816951429880280645934433213983070960", 2, 18, 5, 15, 366, 0
"EVENTO:", "Opera\xc3\xa7\xc3\xa3o Policial13250816951429880280645934433213983070960", 2, 18, 5, 15, 368, 1
"EVENTO:", "Tiroteio18189490521503106615697987713232138316650", 2, 6, 10, 17, 369, 0
"EVENTO:", "Tiroteio18189490521503106615697987713232138316650", 2, 6, 10, 17, 369, 1
"EVENTO:", "Tiroteio18180344591728576548815233203700184504447", 2, 30, 5, 18, 372, 0
"EVENTO:", "Tiroteio18180344591728576548815233203700184504447", 2, 30, 5, 18, 374, 1
"EVENTO:", "Resgate1649219541961455665017385926512889408882", 1, 30, 5, 18, 375, 0
"EVENTO:", "Resgate1649219541961455665017385926512889408882", 1, 30, 5, 18, 377, 1
"EVENTO:", "Mulher em Trabalho de Parto11146128584776537106210483911901063892552", 3, 16, 6, 21, 378, 0
"EVENTO:", "Mulher em Trabalho de Parto11146128584776537106210483911901063892552", 2, 16, 6, 21, 378, 1
"EVENTO:", "Quadrilha15219175785951147298985144787908370652699", 2, 8, 7, 12, 381, 0
"EVENTO:", "Quadrilha15219175785951147298985144787908370652699", 2, 8, 7, 12, 382, 1
"EVENTO:", "Soldado Ferido17261992580485309505432215083679690367896", 2, 39, 10, 19, 384, 0
"EVENTO:", "Soldado Ferido17261992580485309505432215083679690367896", 2, 39, 10, 19, 385, 1
"EVENTO:", "Exterm\xc3\xadnio475965545435940147807674984278319819529", 2, 13, 8, 14, 387, 0
"EVENTO:", "Exterm\xc3\xadnio475965545435940147807674984278319819529", 2, 13, 8, 14, 387, 1
"EVENTO:", "Assalto0101545314364499533218881959637948604222", 2, 11, 7, 11, 390, 0
"EVENTO:", "Assalto0101545314364499533218881959637948604222", 2, 11, 7, 11, 390, 1
"EVENTO:", "Individuo Suspeito828553853414174382448754596237632484959", 3, 12, 8, 14, 393, 0
"EVENTO:", "Individuo Suspeito828553853414174382448754596237632484959", 2, 12, 8, 14, 395, 1
"EVENTO:", "Soldado Ferido17296884289670605096404580183289259037442", 3, 37, 7, 12, 396, 0
"EVENTO:", "Soldado Ferido17296884289670605096404580183289259037442", 2, 37, 7, 12, 396, 1
"EVENTO:", "Hospital em Chamas73633933223570568671606184887941798194", 3, 21, 9, 15, 399, 0
"EVENTO:", "Hospital em Chamas73633933223570568671606184887941798194", 2, 21, 9, 15, 401, 1
"EVENTO:", "Golpe de Estado6118768123046930585383886414619216906446", 2, 5, 9, 17, 402, 0
"EVENTO:", "Golpe de Estado6118768123046930585383886414619216906446", 2, 5, 9, 17, 402, 1
"EVENTO:", "Quadrilha15111018844230901913239712959386720128959", 2, 24, 7, 20, 405, 0
"EVENTO:", "Quadrilha15111018844230901913239712959386720128959", 2, 24, 7, 20, 406, 1
"EVENTO:", "Corrida de Rua2306204856222861353638993462830068106293", 2, 8, 7, 12, 408, 0
"EVENTO:", "Corrida de Rua2306204856222861353638993462830068106293", 2, 8, 7, 12, 409, 1
"EVENTO:", "Fuga5252117477953046098732575477312778729452", 2, 12, 8, 14, 411, 0
"EVENTO:", "Fuga5252117477953046098732575477312778729452", 2, 12, 8, 14, 413, 1
"EVENTO:", "Hospital em Chamas7148918421029432824641393779663650365851", 3, 6, 10, 17, 414, 0
"EVENTO:", "Hospital em Chamas7148918421029432824641393779663650365851", 2, 6, 10, 17, 414, 1
"EVENTO:", "Quadrilha15277039380726689428011759206558279923824", 1, 8, 7, 12, 417, 0
"EVENTO:", "Quadrilha15277039380726689428011759206558279923824", 1, 8, 7, 12, 418, 1
"EVENTO:", "Individuo Suspeito8118000208074126584660835139855254832198", 2, 38, 7, 18, 420, 0
"EVENTO:", "Individuo Suspeito8118000208074126584660835139855254832198", 2, 38, 7, 18, 422, 1
"EVENTO:", "Depreda\xc3\xa7\xc3\xa3o3200290864462855083623039704973485953168", 1, 16, 6, 21, 423, 0
"EVENTO:", "Depreda\xc3\xa7\xc3\xa3o3200290864462855083623039704973485953168", 1, 16, 6, 21, 423, 1
"EVENTO:", "Fuga5124413373489267936007607284697799932214", 2, 21, 9, 15, 426, 0
"EVENTO:", "Fuga5124413373489267936007607284697799932214", 2, 21, 9, 15, 428, 1
"EVENTO:", "Joalheiria Roubada9188702992499683341848154321342762745014", 2, 19, 7, 14, 429, 0
"EVENTO:", "Joalheiria Roubada9188702992499683341848154321342762745014", 2, 19, 7, 14, 431, 1
"EVENTO:", "Golpe de Estado6273687662379788537536050020998013227912", 1, 22, 4, 19, 432, 0
"EVENTO:", "Golpe de Estado6273687662379788537536050020998013227912", 1, 22, 4, 19, 433, 1
"EVENTO:", "PM na \xc3\x81rea14187150499806386712063225445966366640491", 1, 39, 10, 19, 435, 0
"EVENTO:", "PM na \xc3\x81rea14187150499806386712063225445966366640491", 1, 39, 10, 19, 436, 1
"EVENTO:", "Individuo Suspeito8292344935432165828573553102229066166480", 1, 38, 7, 18, 438, 0
"EVENTO:", "Individuo Suspeito8292344935432165828573553102229066166480", 1, 38, 7, 18, 440, 1
"EVENTO:", "Depreda\xc3\xa7\xc3\xa3o3287970369202685896568082220138690937886", 3, 12, 8, 14, 441, 0
"EVENTO:", "Depreda\xc3\xa7\xc3\xa3o3287970369202685896568082220138690937886", 2, 12, 8, 14, 443, 1
"EVENTO:", "Golpe de Estado6326278766916891950165452154322408575306", 1, 2, 5, 16, 444, 0
"EVENTO:", "Golpe de Estado6326278766916891950165452154322408575306", 1, 2, 5, 16, 446, 1
"EVENTO:", "Golpe de Estado666453910622056038578176037783533323210", 1, 37, 7, 12, 447, 0
"EVENTO:", "Golpe de Estado666453910622056038578176037783533323210", 1, 37, 7, 12, 447, 1
"EVENTO:", "Mulher em Trabalho de Parto11227900106294622573787575526788599191331", 1, 27, 6, 15, 450, 0
"EVENTO:", "Mulher em Trabalho de Parto11227900106294622573787575526788599191331", 1, 27, 6, 15, 451, 1
"EVENTO:", "Resgate1639209221678880726802674521944683378514", 1, 29, 5, 14, 453, 0
"EVENTO:", "Resgate1639209221678880726802674521944683378514", 1, 29, 5, 14, 455, 1
"EVENTO:", "Corrida de Rua2244813741020809135175063788614449657548", 2, 15, 10, 18, 456, 0
"EVENTO:", "Corrida de Rua2244813741020809135175063788614449657548", 2, 15, 10, 18, 457, 1
"EVENTO:", "Fuga5188477488152106649135699552390348581768", 2, 25, 3, 14, 459, 0
"EVENTO:", "Fuga5188477488152106649135699552390348581768", 2, 25, 3, 14, 461, 1
"EVENTO:", "Briga1133527407496215128191116177776480780570", 1, 36, 8, 15, 462, 0
"EVENTO:", "Briga1133527407496215128191116177776480780570", 1, 36, 8, 15, 462, 1
"EVENTO:", "Hospital em Chamas7156246734109280044037277646967816014020", 2, 5, 9, 17, 465, 0
"EVENTO:", "Hospital em Chamas7156246734109280044037277646967816014020", 2, 5, 9, 17, 465, 1
"EVENTO:", "Briga1248457946279613555459313873029598184840", 1, 8, 7, 12, 468, 0
"EVENTO:", "Briga1248457946279613555459313873029598184840", 1, 8, 7, 12, 469, 1
"EVENTO:", "PM na \xc3\x81rea14315382015550238288464557275546226197906", 3, 29, 5, 14, 471, 0
"EVENTO:", "PM na \xc3\x81rea14315382015550238288464557275546226197906", 2, 29, 5, 14, 473, 1
"EVENTO:", "Joalheiria Roubada938413550551471986663236636503184244066", 2, 4, 7, 13, 474, 0
"EVENTO:", "Joalheiria Roubada938413550551471986663236636503184244066", 2, 4, 7, 13, 475, 1
"EVENTO:", "Mulher em Trabalho de Parto11319879503468649193445096958795758420288", 1, 30, 5, 18, 477, 0
"EVENTO:", "Mulher em Trabalho de Parto11319879503468649193445096958795758420288", 1, 30, 5, 18, 479, 1
"EVENTO:", "Quadrilha15143068141329812983508577463003190310785", 2, 10, 6, 18, 480, 0
"EVENTO:", "Quadrilha15143068141329812983508577463003190310785", 2, 10, 6, 18, 481, 1
"EVENTO:", "Individuo Suspeito895454965006485514602798750508290407610", 2, 2, 5, 16, 483, 0
"EVENTO:", "Individuo Suspeito895454965006485514602798750508290407610", 2, 2, 5, 16, 485, 1
"EVENTO:", "Tiroteio1819525212986988540266389182978360229343", 1, 27, 6, 15, 486, 0
"EVENTO:", "Tiroteio1819525212986988540266389182978360229343", 1, 27, 6, 15, 487, 1
"EVENTO:", "Joalheiria Roubada9183763051358279520096531029892062989468", 1, 18, 5, 15, 489, 0
"EVENTO:", "Joalheiria Roubada9183763051358279520096531029892062989468", 1, 18, 5, 15, 491, 1
"EVENTO:", "Navio Afundando1230325261798377025146381174258351931355", 1, 16, 6, 21, 492, 0
"EVENTO:", "Navio Afundando1230325261798377025146381174258351931355", 1, 16, 6, 21, 492, 1
"EVENTO:", "PM na \xc3\x81rea1492252595570238373642626069353765176505", 3, 35, 6, 15, 495, 0
"EVENTO:", "PM na \xc3\x81rea1492252595570238373642626069353765176505", 2, 35, 6, 15, 496, 1
"EVENTO:", "Joalheiria Roubada9189500677787948464173173224917336266249", 1, 22, 4, 19, 498, 0
"EVENTO:", "Joalheiria Roubada9189500677787948464173173224917336266249", 1, 22, 4, 19, 499, 1
"EVENTO:", "PM na \xc3\x81rea14228274640492514113350577462990778573036", 2, 20, 7, 16, 501, 0
"EVENTO:", "PM na \xc3\x81rea14228274640492514113350577462990778573036", 2, 20, 7, 16, 501, 1
"EVENTO:", "Exterm\xc3\xadnio4145434024173581410876619657373168109546", 1, 29, 5, 14, 504, 0
"EVENTO:", "Exterm\xc3\xadnio4145434024173581410876619657373168109546", 1, 29, 5, 14, 506, 1
"EVENTO:", "Depreda\xc3\xa7\xc3\xa3o369028235922388424870129094433306341705", 1, 14, 6, 15, 507, 0
"EVENTO:", "Depreda\xc3\xa7\xc3\xa3o369028235922388424870129094433306341705", 1, 14, 6, 15, 508, 1
"EVENTO:", "Golpe de Estado6154424314884534691712188865759572331785", 2, 14, 6, 15, 510, 0
"EVENTO:", "Golpe de Estado6154424314884534691712188865759572331785", 2, 14, 6, 15, 511, 1
"EVENTO:", "Tiroteio18276107442514731427572024535147926137152", 1, 30, 5, 18, 513, 0
"EVENTO:", "Tiroteio18276107442514731427572024535147926137152", 1, 30, 5, 18, 515, 1
"EVENTO:", "Corrida de Rua2285609680577778440114527123404089047667", 3, 11, 7, 11, 516, 0
"EVENTO:", "Corrida de Rua2285609680577778440114527123404089047667", 2, 11, 7, 11, 516, 1
"EVENTO:", "Ladr\xc3\xa3o1087349468269646335518626223093617220589", 3, 12, 8, 14, 519, 0
"EVENTO:", "Ladr\xc3\xa3o1087349468269646335518626223093617220589", 2, 12, 8, 14, 521, 1
"EVENTO:", "Joalheiria Roubada9285573231516972457709401873736034153853", 2, 2, 5, 16, 522, 0
"EVENTO:", "Joalheiria Roubada9285573231516972457709401873736034153853", 2, 2, 5, 16, 524, 1
"EVENTO:", "V\xc3\xadtima de Acidente19233165545639305435275535746622023301834", 3, 36, 8, 15, 525, 0
"EVENTO:", "V\xc3\xadtima de Acidente19233165545639305435275535746622023301834", 2, 36, 8, 15, 525, 1
"EVENTO:", "Opera\xc3\xa7\xc3\xa3o Policial1312039490299734559753220833679202878817", 1, 30, 5, 18, 528, 0
"EVENTO:", "Opera\xc3\xa7\xc3\xa3o Policial1312039490299734559753220833679202878817", 1, 30, 5, 18, 530, 1
"EVENTO:", "Ladr\xc3\xa3o109089077919828117652983609176699840934", 3, 34, 6, 16, 531, 0
"EVENTO:", "Ladr\xc3\xa3o109089077919828117652983609176699840934", 2, 34, 6, 16, 532, 1
"EVENTO:", "Mulher em Trabalho de Parto11128713501297366192441260591665533474561", 2, 29, 5, 14, 534, 0
"EVENTO:", "Mulher em Trabalho de Parto11128713501297366192441260591665533474561", 2, 29, 5, 14, 536, 1
"EVENTO:", "Quadrilha1529004075667384569389611401677607708220", 3, 25, 3, 14, 537, 0
"EVENTO:", "Quadrilha1529004075667384569389611401677607708220", 2, 25, 3, 14, 539, 1
"EVENTO:", "Soldado Ferido173246099559395585038415527400337306939", 2, 29, 5, 14, 540, 0
"EVENTO:", "Soldado Ferido173246099559395585038415527400337306939", 2, 29, 5, 14, 542, 1
"EVENTO:", "PM na \xc3\x81rea14454212389799096703969619695373971480", 1, 25, 3, 14, 543, 0
"EVENTO:", "PM na \xc3\x81rea14454212389799096703969619695373971480", 1, 25, 3, 14, 545, 1
"EVENTO:", "Corrida de Rua2294992669620918467541975359271664718500", 3, 12, 8, 14, 546, 0
"EVENTO:", "Corrida de Rua2294992669620918467541975359271664718500", 2, 12, 8, 14, 548, 1
"EVENTO:", "Opera\xc3\xa7\xc3\xa3o Policial13109663633515448305255792231348865853066", 1, 30, 5, 18, 549, 0
"EVENTO:", "Opera\xc3\xa7\xc3\xa3o Policial13109663633515448305255792231348865853066", 1, 30, 5, 18, 551, 1
"EVENTO:", "Opera\xc3\xa7\xc3\xa3o Policial13192720272657302965067490162090890472302", 1, 6, 10, 17, 552, 0
"EVENTO:", "Opera\xc3\xa7\xc3\xa3o Policial13192720272657302965067490162090890472302", 1, 6, 10, 17, 552, 1
"EVENTO:", "Assalto022746817387568728335795082245229726383", 3, 11, 7, 11, 555, 0
"EVENTO:", "Assalto022746817387568728335795082245229726383", 2, 11, 7, 11, 555, 1
"EVENTO:", "Tiroteio1832157694885099806145708026093448617094", 1, 23, 6, 17, 558, 0
"EVENTO:", "Tiroteio1832157694885099806145708026093448617094", 1, 23, 6, 17, 560, 1
"EVENTO:", "Opera\xc3\xa7\xc3\xa3o Policial1328213620021250331045003395808206038379", 3, 31, 3, 11, 561, 0
"EVENTO:", "Opera\xc3\xa7\xc3\xa3o Policial1328213620021250331045003395808206038379", 2, 31, 3, 11, 562, 1
"EVENTO:", "Golpe de Estado6157989980930415344172330034441292042666", 3, 19, 7, 14, 564, 0
"EVENTO:", "Golpe de Estado6157989980930415344172330034441292042666", 2, 19, 7, 14, 566, 1
"EVENTO:", "Golpe de Estado6206033240408352260287401255005035634185", 3, 32, 8, 9, 567, 0
"EVENTO:", "Golpe de Estado6206033240408352260287401255005035634185", 2, 32, 8, 9, 569, 1
"EVENTO:", "Exterm\xc3\xadnio482893723744316644822045555567893803679", 2, 19, 7, 14, 570, 0
"EVENTO:", "Exterm\xc3\xadnio482893723744316644822045555567893803679", 2, 19, 7, 14, 572, 1
"EVENTO:", "Depreda\xc3\xa7\xc3\xa3o329716862283543884877023875110763058680", 2, 35, 6, 15, 573, 0
"EVENTO:", "Depreda\xc3\xa7\xc3\xa3o329716862283543884877023875110763058680", 2, 35, 6, 15, 574, 1
"EVENTO:", "V\xc3\xadtima de Acidente1924032498212868908291718052590789865460", 3, 36, 8, 15, 576, 0
"EVENTO:", "V\xc3\xadtima de Acidente1924032498212868908291718052590789865460", 2, 36, 8, 15, 576, 1
"EVENTO:", "Soldado Ferido17235293049500417256920890626635944673943", 2, 29, 5, 14, 579, 0
"EVENTO:", "Soldado Ferido17235293049500417256920890626635944673943", 2, 29, 5, 14, 581, 1
"EVENTO:", "Navio Afundando12154339797879494030796903443650393935973", 1, 3, 6, 12, 582, 0
"EVENTO:", "Navio Afundando12154339797879494030796903443650393935973", 1, 3, 6, 12, 583, 1
"EVENTO:", "Assalto0146539434466788379265707339569209937337", 2, 17, 8, 16, 585, 0
"EVENTO:", "Assalto0146539434466788379265707339569209937337", 2, 17, 8, 16, 585, 1
"EVENTO:", "V\xc3\xadtima de Acidente19288790631355798842343375926439023954048", 2, 6, 10, 17, 588, 0
"EVENTO:", "V\xc3\xadtima de Acidente19288790631355798842343375926439023954048", 2, 6, 10, 17, 588, 1
"EVENTO:", "Corrida de Rua2198995974171064862509806331281190895910", 2, 29, 5, 14, 591, 0
"EVENTO:", "Corrida de Rua2198995974171064862509806331281190895910", 2, 29, 5, 14, 593, 1
"EVENTO:", "Individuo Suspeito8241773919399638441893816642763687239722", 2, 8, 7, 12, 594, 0
"EVENTO:", "Individuo Suspeito8241773919399638441893816642763687239722", 2, 8, 7, 12, 595, 1
"EVENTO:", "Mulher em Trabalho de Parto11205723088138668102246502291839098948407", 2, 18, 5, 15, 597, 0
"EVENTO:", "Mulher em Trabalho de Parto11205723088138668102246502291839098948407", 2, 18, 5, 15, 599, 1
"EVENTO:", "Assalto0265837073789024944284399645746732914886", 1, 23, 6, 17, 600, 0
"EVENTO:", "Assalto0265837073789024944284399645746732914886", 1, 23, 6, 17, 602, 1
"EVENTO:", "Corrida de Rua2296162703351796921627899334815320087232", 3, 10, 6, 18, 603, 0
"EVENTO:", "Corrida de Rua2296162703351796921627899334815320087232", 2, 10, 6, 18, 604, 1
"EVENTO:", "Ladr\xc3\xa3o1096192533689834306537020656386678836757", 2, 22, 4, 19, 606, 0
"EVENTO:", "Ladr\xc3\xa3o1096192533689834306537020656386678836757", 2, 22, 4, 19, 607, 1
"EVENTO:", "Individuo Suspeito8208095864029994379361085372499491721725", 3, 10, 6, 18, 609, 0
"EVENTO:", "Individuo Suspeito8208095864029994379361085372499491721725", 2, 10, 6, 18, 610, 1
"EVENTO:", "Assalto0191998055084399345165538420201643453632", 3, 12, 8, 14, 612, 0
"EVENTO:", "Assalto0191998055084399345165538420201643453632", 2, 12, 8, 14, 614, 1
"EVENTO:", "Resgate1667954463392117035189945414653588355364", 3, 13, 8, 14, 615, 0
"EVENTO:", "Resgate1667954463392117035189945414653588355364", 2, 13, 8, 14, 615, 1
"EVENTO:", "Fuga515804399685020924399518365094315738973", 2, 22, 4, 19, 618, 0
"EVENTO:", "Fuga515804399685020924399518365094315738973", 2, 22, 4, 19, 619, 1
"EVENTO:", "Exterm\xc3\xadnio4318797783467644537892373322105050234119", 2, 24, 7, 20, 621, 0
"EVENTO:", "Exterm\xc3\xadnio4318797783467644537892373322105050234119", 2, 24, 7, 20, 622, 1
"EVENTO:", "Navio Afundando12199117494701669578554731334119860371838", 2, 1, 11, 16, 624, 0
"EVENTO:", "Navio Afundando12199117494701669578554731334119860371838", 2, 1, 11, 16, 625, 1
"EVENTO:", "Joalheiria Roubada954088856956759457238631105623752683813", 3, 28, 4, 14, 627, 0
"EVENTO:", "Joalheiria Roubada954088856956759457238631105623752683813", 2, 28, 4, 14, 628, 1
"EVENTO:", "Resgate16131742944996359220175042614349157233146", 1, 24, 7, 20, 630, 0
"EVENTO:", "Resgate16131742944996359220175042614349157233146", 1, 24, 7, 20, 631, 1
"EVENTO:", "Hospital em Chamas7337737970992950745660224816022160005840", 2, 37, 7, 12, 633, 0
"EVENTO:", "Hospital em Chamas7337737970992950745660224816022160005840", 2, 37, 7, 12, 633, 1
"EVENTO:", "Joalheiria Roubada9265025601126908217223660182755712841719", 1, 21, 9, 15, 636, 0
"EVENTO:", "Joalheiria Roubada9265025601126908217223660182755712841719", 1, 21, 9, 15, 638, 1
"EVENTO:", "Depreda\xc3\xa7\xc3\xa3o377422881163348832049234180979820331930", 3, 4, 7, 13, 639, 0
"EVENTO:", "Depreda\xc3\xa7\xc3\xa3o377422881163348832049234180979820331930", 2, 4, 7, 13, 640, 1
"EVENTO:", "Tiroteio1863818465405621938163872771357779247103", 3, 31, 3, 11, 642, 0
"EVENTO:", "Tiroteio1863818465405621938163872771357779247103", 2, 31, 3, 11, 643, 1
"EVENTO:", "Corrida de Rua2219343151948121621687810642997676559203", 2, 26, 8, 11, 645, 0
"EVENTO:", "Corrida de Rua2219343151948121621687810642997676559203", 2, 26, 8, 11, 645, 1
"EVENTO:", "Corrida de Rua238504497672677185742200217718232016897", 3, 1, 11, 16, 648, 0
"EVENTO:", "Corrida de Rua238504497672677185742200217718232016897", 2, 1, 11, 16, 649, 1
"EVENTO:", "Assalto02637127197975230491500362769236824184", 1, 15, 10, 18, 651, 0
"EVENTO:", "Assalto02637127197975230491500362769236824184", 1, 15, 10, 18, 652, 1
"EVENTO:", "Corrida de Rua235062028915593812608017764241030840433", 1, 22, 4, 19, 654, 0
"EVENTO:", "Corrida de Rua235062028915593812608017764241030840433", 1, 22, 4, 19, 655, 1
"EVENTO:", "Resgate16276657037949231333352585600719245894264", 3, 24, 7, 20, 657, 0
"EVENTO:", "Resgate16276657037949231333352585600719245894264", 2, 24, 7, 20, 658, 1
"EVENTO:", "Exterm\xc3\xadnio4160315793049343594765125964906735618815", 3, 25, 3, 14, 660, 0
"EVENTO:", "Exterm\xc3\xadnio4160315793049343594765125964906735618815", 2, 25, 3, 14, 662, 1
"EVENTO:", "Hospital em Chamas7141905713663586563675089866762610512343", 2, 22, 4, 19, 663, 0
"EVENTO:", "Hospital em Chamas7141905713663586563675089866762610512343", 2, 22, 4, 19, 664, 1
"EVENTO:", "Resgate16107311592695057296412664660972901613786", 1, 32, 8, 9, 666, 0
"EVENTO:", "Resgate16107311592695057296412664660972901613786", 1, 32, 8, 9, 668, 1
"EVENTO:", "Joalheiria Roubada9207690638950436212700059459974080623435", 3, 39, 10, 19, 669, 0
"EVENTO:", "Joalheiria Roubada9207690638950436212700059459974080623435", 2, 39, 10, 19, 670, 1
"EVENTO:", "Navio Afundando12118059666847294659413971706338376945519", 1, 37, 7, 12, 672, 0
"EVENTO:", "Navio Afundando12118059666847294659413971706338376945519", 1, 37, 7, 12, 672, 1
"EVENTO:", "Corrida de Rua2311118784012791149086764698211766674504", 2, 16, 6, 21, 675, 0
"EVENTO:", "Corrida de Rua2311118784012791149086764698211766674504", 2, 16, 6, 21, 675, 1
"EVENTO:", "Ladr\xc3\xa3o10323193146703467895198034225091488792744", 1, 14, 6, 15, 678, 0
"EVENTO:", "Ladr\xc3\xa3o10323193146703467895198034225091488792744", 1, 14, 6, 15, 679, 1
"EVENTO:", "Navio Afundando1232624129628212653024409319690573177880", 2, 37, 7, 12, 681, 0
"EVENTO:", "Navio Afundando1232624129628212653024409319690573177880", 2, 37, 7, 12, 681, 1
"EVENTO:", "Quadrilha15122321064038670410553675430079325440325", 3, 18, 5, 15, 684, 0
"EVENTO:", "Quadrilha15122321064038670410553675430079325440325", 2, 18, 5, 15, 686, 1
"EVENTO:", "Resgate16224949608475591363443701217128580083988", 2, 13, 8, 14, 687, 0
"EVENTO:", "Resgate16224949608475591363443701217128580083988", 2, 13, 8, 14, 687, 1
"EVENTO:", "V\xc3\xadtima de Acidente1984710492521510516037622099779910241099", 1, 35, 6, 15, 690, 0
"EVENTO:", "V\xc3\xadtima de Acidente1984710492521510516037622099779910241099", 1, 35, 6, 15, 691, 1
"EVENTO:", "Golpe de Estado631801670896178169919658646649522737576", 2, 18, 5, 15, 693, 0
"EVENTO:", "Golpe de Estado631801670896178169919658646649522737576", 2, 18, 5, 15, 695, 1
"EVENTO:", "Navio Afundando1267991675014130861245040651298762196371", 1, 9, 7, 14, 696, 0
"EVENTO:", "Navio Afundando1267991675014130861245040651298762196371", 1, 9, 7, 14, 696, 1
"EVENTO:", "Assalto0212612202040454370438041933704901090235", 2, 33, 9, 19, 699, 0
"EVENTO:", "Assalto0212612202040454370438041933704901090235", 2, 33, 9, 19, 699, 1
"EVENTO:", "Depreda\xc3\xa7\xc3\xa3o346496057505191238383791431447777855120", 1, 22, 4, 19, 702, 0
"EVENTO:", "Depreda\xc3\xa7\xc3\xa3o346496057505191238383791431447777855120", 1, 22, 4, 19, 703, 1
"EVENTO:", "Fuga5199852741741563278574283142858762944361", 1, 9, 7, 14, 705, 0
"EVENTO:", "Fuga5199852741741563278574283142858762944361", 1, 9, 7, 14, 705, 1
"EVENTO:", "Depreda\xc3\xa7\xc3\xa3o343105254949619651186276578931432601151", 1, 7, 9, 15, 708, 0
"EVENTO:", "Depreda\xc3\xa7\xc3\xa3o343105254949619651186276578931432601151", 1, 7, 9, 15, 708, 1
"EVENTO:", "V\xc3\xadtima de Acidente19308942589964600887562475832888997944816", 3, 24, 7, 20, 711, 0
"EVENTO:", "V\xc3\xadtima de Acidente19308942589964600887562475832888997944816", 2, 24, 7, 20, 712, 1
"EVENTO:", "Resgate16174797283680864703212161003527984958181", 3, 12, 8, 14, 714, 0
"EVENTO:", "Resgate16174797283680864703212161003527984958181", 2, 12, 8, 14, 716, 1
"EVENTO:", "Tiroteio18263275265513252342021522540849926615755", 2, 24, 7, 20, 717, 0
"EVENTO:", "Tiroteio18263275265513252342021522540849926615755", 2, 24, 7, 20, 718, 1
"EVENTO:", "V\xc3\xadtima de Acidente19186603449015382675703678302950187379297", 2, 29, 5, 14, 720, 0
"EVENTO:", "V\xc3\xadtima de Acidente19186603449015382675703678302950187379297", 2, 29, 5, 14, 722, 1
"EVENTO:", "Navio Afundando12192519871341618964774778139711391685940", 1, 33, 9, 19, 723, 0
"EVENTO:", "Navio Afundando12192519871341618964774778139711391685940", 1, 33, 9, 19, 723, 1
"EVENTO:", "Individuo Suspeito8211965745956161162441298024792634776292", 3, 35, 6, 15, 726, 0
"EVENTO:", "Individuo Suspeito8211965745956161162441298024792634776292", 2, 35, 6, 15, 727, 1
"EVENTO:", "V\xc3\xadtima de Acidente1944868183473578989644884373095699025399", 2, 28, 4, 14, 729, 0
"EVENTO:", "V\xc3\xadtima de Acidente1944868183473578989644884373095699025399", 2, 28, 4, 14, 730, 1
"EVENTO:", "Hospital em Chamas7191690407095963931199069838593573084195", 1, 25, 3, 14, 732, 0
"EVENTO:", "Hospital em Chamas7191690407095963931199069838593573084195", 1, 25, 3, 14, 734, 1
"EVENTO:", "Tiroteio18322297826632193480109344790233030465393", 3, 6, 10, 17, 735, 0
"EVENTO:", "Tiroteio18322297826632193480109344790233030465393", 2, 6, 10, 17, 735, 1
"EVENTO:", "Hospital em Chamas726088859045748574041671245646897395709", 3, 10, 6, 18, 738, 0
"EVENTO:", "Hospital em Chamas726088859045748574041671245646897395709", 2, 10, 6, 18, 739, 1
"EVENTO:", "Fuga5308921800572239996149988020572179834187", 3, 5, 9, 17, 741, 0
"EVENTO:", "Fuga5308921800572239996149988020572179834187", 2, 5, 9, 17, 741, 1
"EVENTO:", "Hospital em Chamas7322606597772594681579414254393956393548", 1, 26, 8, 11, 744, 0
"EVENTO:", "Hospital em Chamas7322606597772594681579414254393956393548", 1, 26, 8, 11, 744, 1
"EVENTO:", "Tiroteio1840873009251648710775165534769505132262", 2, 9, 7, 14, 747, 0
"EVENTO:", "Tiroteio1840873009251648710775165534769505132262", 2, 9, 7, 14, 747, 1
"EVENTO:", "Navio Afundando1247091303220673676294144824736479725257", 2, 13, 8, 14, 750, 0
"EVENTO:", "Navio Afundando1247091303220673676294144824736479725257", 2, 13, 8, 14, 750, 1
"EVENTO:", "PM na \xc3\x81rea14324892965322735733721428396121367259691", 3, 23, 6, 17, 753, 0
"EVENTO:", "PM na \xc3\x81rea14324892965322735733721428396121367259691", 2, 23, 6, 17, 755, 1
"EVENTO:", "Mulher em Trabalho de Parto11334706368910893341135679494985769812353", 2, 13, 8, 14, 756, 0
"EVENTO:", "Mulher em Trabalho de Parto11334706368910893341135679494985769812353", 2, 13, 8, 14, 756, 1
"EVENTO:", "Golpe de Estado6294976325351971342040172680089411092287", 1, 28, 4, 14, 759, 0
"EVENTO:", "Golpe de Estado6294976325351971342040172680089411092287", 1, 28, 4, 14, 760, 1
"EVENTO:", "Individuo Suspeito8245769427382758811964164333948713255501", 1, 13, 8, 14, 762, 0
"EVENTO:", "Individuo Suspeito8245769427382758811964164333948713255501", 1, 13, 8, 14, 762, 1
"EVENTO:", "Quadrilha1532133988601354452464071041001714345142", 3, 6, 10, 17, 765, 0
"EVENTO:", "Quadrilha1532133988601354452464071041001714345142", 2, 6, 10, 17, 765, 1
"EVENTO:", "Hospital em Chamas7132182995363374282032281536831287221781", 1, 12, 8, 14, 768, 0
"EVENTO:", "Hospital em Chamas7132182995363374282032281536831287221781", 1, 12, 8, 14, 770, 1
"EVENTO:", "Briga1332671924084570352703038896794040958136", 3, 13, 8, 14, 771, 0
"EVENTO:", "Briga1332671924084570352703038896794040958136", 2, 13, 8, 14, 771, 1
"EVENTO:", "Corrida de Rua2117763834751880743313537833935789062112", 1, 36, 8, 15, 774, 0
"EVENTO:", "Corrida de Rua2117763834751880743313537833935789062112", 1, 36, 8, 15, 774, 1
"EVENTO:", "Briga1155897832973593157936787783571193948088", 1, 14, 6, 15, 777, 0
"EVENTO:", "Briga1155897832973593157936787783571193948088", 1, 14, 6, 15, 778, 1
"EVENTO:", "Depreda\xc3\xa7\xc3\xa3o3176771717473948101292075050746945009499", 1, 19, 7, 14, 780, 0
"EVENTO:", "Depreda\xc3\xa7\xc3\xa3o3176771717473948101292075050746945009499", 1, 19, 7, 14, 782, 1
"EVENTO:", "Ladr\xc3\xa3o10268339361129809087680261446744862154622", 3, 19, 7, 14, 783, 0
"EVENTO:", "Ladr\xc3\xa3o10268339361129809087680261446744862154622", 2, 19, 7, 14, 785, 1
"EVENTO:", "Resgate1658292430872630558782100910365367668720", 2, 6, 10, 17, 786, 0
"EVENTO:", "Resgate1658292430872630558782100910365367668720", 2, 6, 10, 17, 786, 1
"EVENTO:", "Resgate1631310401861547357662175602616093297466", 1, 2, 5, 16, 789, 0
"EVENTO:", "Resgate1631310401861547357662175602616093297466", 1, 2, 5, 16, 791, 1
"EVENTO:", "Tiroteio18309531553766875961715160943152454050692", 3, 24, 7, 20, 792, 0
"EVENTO:", "Tiroteio18309531553766875961715160943152454050692", 2, 24, 7, 20, 793, 1
"EVENTO:", "Hospital em Chamas7116721563221829493596156283666918449369", 1, 2, 5, 16, 795, 0
"EVENTO:", "Hospital em Chamas7116721563221829493596156283666918449369", 1, 2, 5, 16, 797, 1
"EVENTO:", "Joalheiria Roubada9255340519688325702972630284648928516346", 2, 22, 4, 19, 798, 0
"EVENTO:", "Joalheiria Roubada9255340519688325702972630284648928516346", 2, 22, 4, 19, 799, 1
"EVENTO:", "Hospital em Chamas7198551935591551487862645844109605593132", 3, 19, 7, 14, 801, 0
"EVENTO:", "Hospital em Chamas7198551935591551487862645844109605593132", 2, 19, 7, 14, 803, 1
"EVENTO:", "Fuga5144406781356990986652306065139877035437", 3, 13, 8, 14, 804, 0
"EVENTO:", "Fuga5144406781356990986652306065139877035437", 2, 13, 8, 14, 804, 1
"EVENTO:", "Depreda\xc3\xa7\xc3\xa3o3140751212866688095353944306127864370890", 1, 9, 7, 14, 807, 0
"EVENTO:", "Depreda\xc3\xa7\xc3\xa3o3140751212866688095353944306127864370890", 1, 9, 7, 14, 807, 1
"EVENTO:", "Assalto0328021856792999155013769357932923249145", 1, 36, 8, 15, 810, 0
"EVENTO:", "Assalto0328021856792999155013769357932923249145", 1, 36, 8, 15, 810, 1
"EVENTO:", "Corrida de Rua2318162928995790923200907545328890150747", 1, 6, 10, 17, 813, 0
"EVENTO:", "Corrida de Rua2318162928995790923200907545328890150747", 1, 6, 10, 17, 813, 1
"EVENTO:", "Ladr\xc3\xa3o10213577187216994329465984877259946389267", 2, 24, 7, 20, 816, 0
"EVENTO:", "Ladr\xc3\xa3o10213577187216994329465984877259946389267", 2, 24, 7, 20, 817, 1
"EVENTO:", "Individuo Suspeito8115663005679845560824173200841029076590", 3, 37, 7, 12, 819, 0
"EVENTO:", "Individuo Suspeito8115663005679845560824173200841029076590", 2, 37, 7, 12, 819, 1
"EVENTO:", "Corrida de Rua2126398887799558595715104132924606462410", 3, 5, 9, 17, 822, 0
"EVENTO:", "Corrida de Rua2126398887799558595715104132924606462410", 2, 5, 9, 17, 822, 1
"EVENTO:", "Briga1219952820591782289117762411732153869694", 1, 19, 7, 14, 825, 0
"EVENTO:", "Briga1219952820591782289117762411732153869694", 1, 19, 7, 14, 827, 1
"EVENTO:", "Individuo Suspeito8264364050739001127545268820698810483507", 1, 14, 6, 15, 828, 0
"EVENTO:", "Individuo Suspeito8264364050739001127545268820698810483507", 1, 14, 6, 15, 829, 1
"EVENTO:", "Navio Afundando1274191941067912247846192820284323446478", 3, 35, 6, 15, 831, 0
"EVENTO:", "Navio Afundando1274191941067912247846192820284323446478", 2, 35, 6, 15, 832, 1
"EVENTO:", "Ladr\xc3\xa3o10153230696336497635150995330480484102959", 3, 28, 4, 14, 834, 0
"EVENTO:", "Ladr\xc3\xa3o10153230696336497635150995330480484102959", 2, 28, 4, 14, 835, 1
"EVENTO:", "Tiroteio18122200585168373907336203000292319346515", 3, 1, 11, 16, 837, 0
"EVENTO:", "Tiroteio18122200585168373907336203000292319346515", 2, 1, 11, 16, 838, 1
"EVENTO:", "Corrida de Rua2181317873457719951250864987833374136754", 1, 11, 7, 11, 840, 0
"EVENTO:", "Corrida de Rua2181317873457719951250864987833374136754", 1, 11, 7, 11, 840, 1
"EVENTO:", "Briga1282113832574508964614346087430430211069", 1, 1, 11, 16, 843, 0
"EVENTO:", "Briga1282113832574508964614346087430430211069", 1, 1, 11, 16, 844, 1
"EVENTO:", "Exterm\xc3\xadnio4283455272686461619176492060119943581235", 1, 24, 7, 20, 846, 0
"EVENTO:", "Exterm\xc3\xadnio4283455272686461619176492060119943581235", 1, 24, 7, 20, 847, 1
"EVENTO:", "Corrida de Rua2111728726430882252350439553261682132098", 1, 27, 6, 15, 849, 0
"EVENTO:", "Corrida de Rua2111728726430882252350439553261682132098", 1, 27, 6, 15, 850, 1
"EVENTO:", "Mulher em Trabalho de Parto11120677857876419818670469401791534934150", 2, 16, 6, 21, 852, 0
"EVENTO:", "Mulher em Trabalho de Parto11120677857876419818670469401791534934150", 2, 16, 6, 21, 852, 1
"EVENTO:", "Hospital em Chamas711140242315118905674787892127035681367", 1, 31, 3, 11, 855, 0
"EVENTO:", "Hospital em Chamas711140242315118905674787892127035681367", 1, 31, 3, 11, 856, 1
"EVENTO:", "Briga1128678975791123581198352216432227600271", 1, 15, 10, 18, 858, 0
"EVENTO:", "Briga1128678975791123581198352216432227600271", 1, 15, 10, 18, 859, 1
"EVENTO:", "Mulher em Trabalho de Parto1117303707933416256763376372864615368339", 2, 14, 6, 15, 861, 0
"EVENTO:", "Mulher em Trabalho de Parto1117303707933416256763376372864615368339", 2, 14, 6, 15, 862, 1
"EVENTO:", "V\xc3\xadtima de Acidente19202586626899570779760019575972833656957", 3, 30, 5, 18, 864, 0
"EVENTO:", "V\xc3\xadtima de Acidente19202586626899570779760019575972833656957", 2, 30, 5, 18, 866, 1
"EVENTO:", "Opera\xc3\xa7\xc3\xa3o Policial13143950209100623234457554029556016063998", 3, 19, 7, 14, 867, 0
"EVENTO:", "Opera\xc3\xa7\xc3\xa3o Policial13143950209100623234457554029556016063998", 2, 19, 7, 14, 869, 1
"EVENTO:", "Resgate1636861683664420214414960915289408747822", 3, 36, 8, 15, 870, 0
"EVENTO:", "Resgate1636861683664420214414960915289408747822", 2, 36, 8, 15, 870, 1
"EVENTO:", "Quadrilha15202521296976203910369852366417197135363", 1, 5, 9, 17, 873, 0
"EVENTO:", "Quadrilha15202521296976203910369852366417197135363", 1, 5, 9, 17, 873, 1
"EVENTO:", "Opera\xc3\xa7\xc3\xa3o Policial13172187561711913294134416522427799120800", 2, 12, 8, 14, 876, 0
"EVENTO:", "Opera\xc3\xa7\xc3\xa3o Policial13172187561711913294134416522427799120800", 2, 12, 8, 14, 878, 1
"EVENTO:", "V\xc3\xadtima de Acidente19263401285493328014039736621475703034608", 2, 7, 9, 15, 879, 0
"EVENTO:", "V\xc3\xadtima de Acidente19263401285493328014039736621475703034608", 2, 7, 9, 15, 879, 1
"EVENTO:", "Soldado Ferido1789474844688325239431779436392843660275", 2, 23, 6, 17, 882, 0
"EVENTO:", "Soldado Ferido1789474844688325239431779436392843660275", 2, 23, 6, 17, 884, 1
"EVENTO:", "Corrida de Rua224083555788771449846453617562629407614", 3, 8, 7, 12, 885, 0
"EVENTO:", "Corrida de Rua224083555788771449846453617562629407614", 2, 8, 7, 12, 886, 1
"EVENTO:", "V\xc3\xadtima de Acidente1968494687310232425985236200778798817617", 1, 24, 7, 20, 888, 0
"EVENTO:", "V\xc3\xadtima de Acidente1968494687310232425985236200778798817617", 1, 24, 7, 20, 889, 1
"EVENTO:", "Briga117958343955703100180577002250324519322", 3, 28, 4, 14, 891, 0
"EVENTO:", "Briga117958343955703100180577002250324519322", 2, 28, 4, 14, 892, 1
"EVENTO:", "Joalheiria Roubada9249353316257788005176375614286167314594", 3, 37, 7, 12, 894, 0
"EVENTO:", "Joalheiria Roubada9249353316257788005176375614286167314594", 2, 37, 7, 12, 894, 1
"EVENTO:", "Hospital em Chamas7299387123183443886027842694427545383597", 1, 32, 8, 9, 897, 0
"EVENTO:", "Hospital em Chamas7299387123183443886027842694427545383597", 1, 32, 8, 9, 899, 1
"EVENTO:", "Hospital em Chamas7104861285795516174105681193204777438282", 1, 38, 7, 18, 900, 0
"EVENTO:", "Hospital em Chamas7104861285795516174105681193204777438282", 1, 38, 7, 18, 902, 1
"EVENTO:", "Resgate167557513611075467214738144902526307082", 2, 11, 7, 11, 903, 0
"EVENTO:", "Resgate167557513611075467214738144902526307082", 2, 11, 7, 11, 903, 1
"EVENTO:", "Navio Afundando124165816076112936936915444815531103427", 3, 22, 4, 19, 906, 0
"EVENTO:", "Navio Afundando124165816076112936936915444815531103427", 2, 22, 4, 19, 907, 1
"EVENTO:", "Ladr\xc3\xa3o10189408804174740841447329904757836849779", 3, 24, 7, 20, 909, 0
"EVENTO:", "Ladr\xc3\xa3o10189408804174740841447329904757836849779", 2, 24, 7, 20, 910, 1
"EVENTO:", "Resgate16128793465352600523889832869448075501484", 1, 12, 8, 14, 912, 0
"EVENTO:", "Resgate16128793465352600523889832869448075501484", 1, 12, 8, 14, 914, 1
"EVENTO:", "Individuo Suspeito8169915168962465435533311293081682138547", 2, 11, 7, 11, 915, 0
"EVENTO:", "Individuo Suspeito8169915168962465435533311293081682138547", 2, 11, 7, 11, 915, 1
"EVENTO:", "Soldado Ferido17142301634812047086009026400826712388565", 2, 2, 5, 16, 918, 0
"EVENTO:", "Soldado Ferido17142301634812047086009026400826712388565", 2, 2, 5, 16, 920, 1
"EVENTO:", "PM na \xc3\x81rea1485013655632604672749182031781708941216", 2, 5, 9, 17, 921, 0
"EVENTO:", "PM na \xc3\x81rea1485013655632604672749182031781708941216", 2, 5, 9, 17, 921, 1
"EVENTO:", "Hospital em Chamas7121127819087140571599058511116419240144", 2, 36, 8, 15, 924, 0
"EVENTO:", "Hospital em Chamas7121127819087140571599058511116419240144", 2, 36, 8, 15, 924, 1
"EVENTO:", "Navio Afundando12228423365002645401953129912151377057691", 3, 4, 7, 13, 927, 0
"EVENTO:", "Navio Afundando12228423365002645401953129912151377057691", 2, 4, 7, 13, 928, 1
"EVENTO:", "Joalheiria Roubada948994653428541165320461851202003707239", 2, 30, 5, 18, 930, 0
"EVENTO:", "Joalheiria Roubada948994653428541165320461851202003707239", 2, 30, 5, 18, 932, 1
"EVENTO:", "Tiroteio1825598189463614883346498296283165014300", 3, 34, 6, 16, 933, 0
"EVENTO:", "Tiroteio1825598189463614883346498296283165014300", 2, 34, 6, 16, 934, 1
"EVENTO:", "Quadrilha1579396174629997813260595792072499223092", 2, 12, 8, 14, 936, 0
"EVENTO:", "Quadrilha1579396174629997813260595792072499223092", 2, 12, 8, 14, 938, 1
"EVENTO:", "Quadrilha1534086507371461206609465332543928796475", 2, 25, 3, 14, 939, 0
"EVENTO:", "Quadrilha1534086507371461206609465332543928796475", 2, 25, 3, 14, 941, 1
"EVENTO:", "Resgate16104216063692963862805460449993120140867", 3, 39, 10, 19, 942, 0
"EVENTO:", "Resgate16104216063692963862805460449993120140867", 2, 39, 10, 19, 943, 1
"EVENTO:", "Individuo Suspeito8304844707154083998843773464702435968170", 3, 15, 10, 18, 945, 0
"EVENTO:", "Individuo Suspeito8304844707154083998843773464702435968170", 2, 15, 10, 18, 946, 1
"EVENTO:", "Exterm\xc3\xadnio4338312862952535827397188006470334826986", 3, 22, 4, 19, 948, 0
"EVENTO:", "Exterm\xc3\xadnio4338312862952535827397188006470334826986", 2, 22, 4, 19, 949, 1
"EVENTO:", "Corrida de Rua2329131682764311441223955919194137433980", 1, 2, 5, 16, 951, 0
"EVENTO:", "Corrida de Rua2329131682764311441223955919194137433980", 1, 2, 5, 16, 953, 1
"EVENTO:", "Resgate1669708507683763009278776081593759100706", 1, 7, 9, 15, 954, 0
"EVENTO:", "Resgate1669708507683763009278776081593759100706", 1, 7, 9, 15, 954, 1
"EVENTO:", "Ladr\xc3\xa3o10206634803572041324072236384752991001998", 3, 17, 8, 16, 957, 0
"EVENTO:", "Ladr\xc3\xa3o10206634803572041324072236384752991001998", 2, 17, 8, 16, 957, 1
"EVENTO:", "Joalheiria Roubada9214741125132788165834590346870500934494", 2, 10, 6, 18, 960, 0
"EVENTO:", "Joalheiria Roubada9214741125132788165834590346870500934494", 2, 10, 6, 18, 961, 1
"EVENTO:", "Corrida de Rua242740446904765800435291166003637067504", 1, 26, 8, 11, 963, 0
"EVENTO:", "Corrida de Rua242740446904765800435291166003637067504", 1, 26, 8, 11, 963, 1
"EVENTO:", "V\xc3\xadtima de Acidente19332908307083309483884956142809049807702", 3, 7, 9, 15, 966, 0
"EVENTO:", "V\xc3\xadtima de Acidente19332908307083309483884956142809049807702", 2, 7, 9, 15, 966, 1
"EVENTO:", "Briga1203516692778964718945399276307830096649", 2, 10, 6, 18, 969, 0
"EVENTO:", "Briga1203516692778964718945399276307830096649", 2, 10, 6, 18, 970, 1
"EVENTO:", "Corrida de Rua2259200039844166420473906085359755561674", 1, 37, 7, 12, 972, 0
"EVENTO:", "Corrida de Rua2259200039844166420473906085359755561674", 1, 37, 7, 12, 972, 1
"EVENTO:", "Depreda\xc3\xa7\xc3\xa3o3285933189247120703657391462765986873188", 2, 39, 10, 19, 975, 0
"EVENTO:", "Depreda\xc3\xa7\xc3\xa3o3285933189247120703657391462765986873188", 2, 39, 10, 19, 976, 1
"EVENTO:", "Hospital em Chamas7219141570806311289968573513376883390339", 3, 33, 9, 19, 978, 0
"EVENTO:", "Hospital em Chamas7219141570806311289968573513376883390339", 2, 33, 9, 19, 978, 1
"EVENTO:", "Hospital em Chamas7287329576619308849595745571537015003815", 1, 22, 4, 19, 981, 0
"EVENTO:", "Hospital em Chamas7287329576619308849595745571537015003815", 1, 22, 4, 19, 982, 1
"EVENTO:", "Fuga5235839678457881690006131559309187612447", 3, 38, 7, 18, 984, 0
"EVENTO:", "Fuga5235839678457881690006131559309187612447", 2, 38, 7, 18, 986, 1
"EVENTO:", "Corrida de Rua2176951833210115666200206592680542922230", 3, 10, 6, 18, 987, 0
"EVENTO:", "Corrida de Rua2176951833210115666200206592680542922230", 2, 10, 6, 18, 988, 1
"EVENTO:", "Golpe de Estado6301285075355284587548286027417573945596", 3, 11, 7, 11, 990, 0
"EVENTO:", "Golpe de Estado6301285075355284587548286027417573945596", 2, 11, 7, 11, 990, 1
"EVENTO:", "Navio Afundando12198988490024851297619633428540327759284", 2, 26, 8, 11, 993, 0
"EVENTO:", "Navio Afundando12198988490024851297619633428540327759284", 2, 26, 8, 11, 993, 1
"EVENTO:", "Fuga5213247959189999754829624423831003981864", 2, 19, 7, 14, 996, 0
"EVENTO:", "Fuga5213247959189999754829624423831003981864", 2, 19, 7, 14, 998, 1
"EVENTO:", "Soldado Ferido17248816662108332931552562029090081406366", 1, 23, 6, 17, 999, 0
